/*!40101 SET @OLD_CHARACTER_SET_CLIENT=@@CHARACTER_SET_CLIENT */;
/*!40101 SET NAMES utf8 */;
/*!50503 SET NAMES utf8mb4 */;
/*!40014 SET @OLD_FOREIGN_KEY_CHECKS=@@FOREIGN_KEY_CHECKS, FOREIGN_KEY_CHECKS=0 */;
/*!40101 SET @OLD_SQL_MODE=@@SQL_MODE, SQL_MODE='NO_AUTO_VALUE_ON_ZERO' */;

CREATE DATABASE IF NOT EXISTS `evolutioerevog` /*!40100 DEFAULT CHARACTER SET utf8 */;
USE `evolutioerevog`;

CREATE TABLE IF NOT EXISTS `constructeur` (
  `id` int(11) NOT NULL AUTO_INCREMENT,
  `nom` varchar(100) NOT NULL,
  `date_de_creation` date NOT NULL,
  PRIMARY KEY (`id`)
) ENGINE=InnoDB AUTO_INCREMENT=2 DEFAULT CHARSET=utf8;

DELETE FROM `constructeur`;
/*!40000 ALTER TABLE `constructeur` DISABLE KEYS */;
INSERT INTO `constructeur` (`id`, `nom`, `date_de_creation`) VALUES
	(1, 'Nintendo', '1889-09-23');
/*!40000 ALTER TABLE `constructeur` ENABLE KEYS */;

CREATE TABLE IF NOT EXISTS `console` (
  `id` int(11) NOT NULL AUTO_INCREMENT,
  `nom` varchar(100) NOT NULL,
  `date_de_creation` date DEFAULT NULL,
  `constructeur_id` int(11) DEFAULT NULL,
  PRIMARY KEY (`id`),
  KEY `constructeur_id` (`constructeur_id`),
  CONSTRAINT `constructeur_id` FOREIGN KEY (`constructeur_id`) REFERENCES `constructeur` (`id`)
) ENGINE=InnoDB AUTO_INCREMENT=2 DEFAULT CHARSET=utf8;

DELETE FROM `console`;
/*!40000 ALTER TABLE `console` DISABLE KEYS */;
INSERT INTO `console` (`id`, `nom`, `date_de_creation`, `constructeur_id`) VALUES
	(1, 'Nintento64', '1996-06-23', 1);
/*!40000 ALTER TABLE `console` ENABLE KEYS */;

CREATE TABLE IF NOT EXISTS `info_complemantaire_jv` (
  `id` int(11) NOT NULL AUTO_INCREMENT,
  `nom_jeux` varchar(100) NOT NULL,
  `editeur` varchar(100) NOT NULL,
  `developpeur` varchar(100) NOT NULL,
  PRIMARY KEY (`id`)
) ENGINE=InnoDB AUTO_INCREMENT=94 DEFAULT CHARSET=utf8;

DELETE FROM `info_complemantaire_jv`;
/*!40000 ALTER TABLE `info_complemantaire_jv` DISABLE KEYS */;
INSERT INTO `info_complemantaire_jv` (`id`, `nom_jeux`, `editeur`, `developpeur`) VALUES
	(1, '007 Le Monde Ne Suffit Pas', 'EA Games, MGM Interactive', 'Eurocom'),
	(2, '1080° Snowboarding', 'Nintendo', 'Nintendo EAD'),
	(3, '64 Ōzumō', 'Bottom Up', 'Bottom Up'),
	(4, '64 Ōzumō 2', 'Bottom Up', 'Bottom Up'),
	(5, '64 de Hakken! Tamagotchi Minna de Tamagotchi...', ' Bandai', ' AI'),
	(6, '64 Hanafuda: Tenshi no Yakusoku', 'Altron', 'Altron'),
	(7, '64 Trump Collection: Alice no Waku Waku Trump...', 'Bottom Up', 'Bottom Up'),
	(8, '1001 pattes', 'Activision', 'Traveller\'s Tales'),
	(9, 'AeroGauge', 'ASCII', 'Locomotive Games'),
	(10, 'AeroFighters Assault', 'Video System', 'Paradigm Entertainment'),
	(11, 'AI Shōgi 3', 'ASCII Corporation', 'Something Good'),
	(12, 'Aidyn Chronicles: The First Mage', 'THQ', 'H2O Entertainment'),
	(13, 'Airboarder 64', 'Human Entertainment, GAGA Communications', 'Human Entertainment '),
	(14, 'AirBoardin\' USA', 'ASCII Entertainment', 'Human Entertainment'),
	(15, 'All-Star Baseball 2000', 'Acclaim Entertainment', 'Iguana Entertainment'),
	(16, 'All-Star Baseball 2001', 'Acclaim', 'High Voltage Software'),
	(17, 'All-Star Baseball \'99', 'Acclaim Entertainment', 'Iguana Entertainment'),
	(18, 'Armorines : Project S.W.A.R.M', 'Acclaim', 'Acclaim'),
	(19, 'Army Men : Air Combat', 'The 3DO Company', 'The 3DO Company'),
	(20, 'Army Men : Sarge\'s Heroes', '3DO', '3DO'),
	(21, 'Army Men : Sarge\'s Heroes 2', 'The 3DO Company', 'The 3DO Company'),
	(22, 'Asteroids Hyper 64', 'Crave Entertainment', 'Syrox'),
	(23, 'Automobili Lamborghini', 'Titus France', 'Titus France'),
	(24, 'Bakushō Jinsei 64: Mezase! Resort Ō', 'Taito', 'Taito'),
	(25, 'Bangai-O', 'ESP', 'Treasure'),
	(26, 'Banjo-Kazooie', 'Nintendo', 'Rare'),
	(27, 'Banjo-Tooie', 'Nintendo', 'Rare'),
	(28, 'Bass Rush: ECOGEAR PowerWorm Championship', 'Visco Corporation', 'Visco Corporation'),
	(29, 'Bassmasters 2000', 'THQ', 'Mass Media'),
	(30, 'Batman of the Future: Return of the Joker', 'Ubisoft', 'Kemco'),
	(31, 'BattleTanx', 'The 3DO Company', 'The 3DO Company'),
	(32, 'BattleTanx: Global Assault', '3DO', '3DO'),
	(33, 'Battlezone: Rise of the Black Dogs', 'Crave Entertainment', 'Climax Group'),
	(34, 'Beetle Adventure Racing', 'Electronic Arts', 'Paradigm Entertainment'),
	(35, 'Big Mountain 2000', 'Imagineer, SouthPeak Games', 'Natsume'),
	(36, 'Bio Freaks', 'Midway Games', 'Saffire Corporation'),
	(37, 'Blast Corps', 'Nintendo', 'Rare'),
	(38, 'Blues Brothers 2000', 'Titus Interactive', 'Player 1'),
	(39, 'Body Harvest', 'Gremlin Interactive, Midway Home Entertainment', 'DMA Design'),
	(40, 'Bomberman 64', 'Hudson Soft, Nintendo', 'Hudson Soft'),
	(41, 'Bomberman 64: The Second Attack', 'Vatical Entertainment', 'Hudson Soft'),
	(42, 'Bomberman 64 Arcade Edition', '\r\nHudson Soft', 'Racjin'),
	(43, 'Bomberman Hero', 'Nintendo, Hudson Soft', 'AI'),
	(44, 'Bottom Of The 9th', 'Konami', 'Konami'),
	(45, 'Brunswick Circuit Pro Bowling', 'Point of View', 'THQ'),
	(46, 'Buck Bumble', 'Argonaut Software', 'Ubisoft'),
	(47, 'Bust a Move 2 Arcade Edition', 'Taito Corporation, Acclaim Entertainment', 'Probe Entertainment'),
	(48, 'Bust a Move 3 DX', 'Taito Corporation, Acclaim Entertainment', 'Taito Corporation'),
	(49, 'California Speed', 'Midway Games', 'Atari Games'),
	(50, 'Carmageddon 64', 'Sales Curve Interactive', 'Software Creations'),
	(51, 'Castlevania', 'Konami', 'Konami CEK'),
	(52, 'Castlevania : Legacy of Darkness', 'Konami', 'KCE Kobe'),
	(53, 'Centre Court Tennis', 'Hudson Soft, BigBen Interactive', 'Hudson Soft'),
	(54, 'Chōkūkan Night: Pro Yakyū King', 'Imagineer', 'Genki'),
	(55, 'Chōkūkan Night: Pro Yakyū King 2', 'Imagineer', 'Genki'),
	(56, 'Chameleon Twist', 'Sunsoft', 'Japan System Supply'),
	(57, 'Chameleon Twist 2', 'Sunsoft', 'Japan System Supply Toshiba Miramax Communications'),
	(58, 'Charlie Blast\'s Territory', 'Kemco', 'Realtime Associates'),
	(59, 'Chopper Attack', 'Midway Games', 'SETA Corporation'),
	(60, 'Choro Q 64 2: Hachamecha Grand Prix Race', 'Takara', 'Locomotive Games'),
	(61, 'Clay Fighter 63 1/3', 'Interplay Productions', 'Interplay Productions'),
	(62, 'Clay Fighter 63 1/3 : Sculptor\'s Cut', 'Interplay Productions', 'Interplay Productions'),
	(63, 'Command And Conquer', 'Nintendo', 'Looking Glass Studios'),
	(64, 'Conker\'s Bad Fur Day', 'Rare, THQ', 'Rare'),
	(65, 'Coupe du Monde 98', 'EA Sports', 'EA Canada'),
	(66, 'Cruis\'n Exotica', 'Midway', 'Gratuitous Games'),
	(67, 'Cruis\'n USA', 'Nintendo', 'Williams'),
	(68, 'Cruis\'n World', 'Midway Games', 'Eurocom'),
	(69, 'Custom Robo', 'Nintendo', 'Noise'),
	(70, 'Custom Robo V2', 'Nintendo', 'Noise'),
	(71, 'Cyber Tiger', 'Electronic Arts', 'Saffire Corporation'),
	(72, 'Dōbutsu no Mori', 'Nintendo', 'Nintendo EAD'),
	(73, 'Daffy Duck Dans Le Role De Duck Dodgers', 'Infogrames', 'Paradigm Entertainment'),
	(74, 'Daikatana', 'Kemco', 'Ion Storm'),
	(75, 'Dance Dance Revolution : Disney Dancing Museum', 'Konami', 'Bemani'),
	(76, 'Dark Rift', 'Vic Tokai', 'Kronos Digital Entertainment'),
	(77, 'Deadly Arts', 'Konami', 'Konami'),
	(78, 'Densha de Go! 64', 'Taito', 'AI'),
	(79, 'Derby Stallion 64', 'Media Factory', 'Parity Bit'),
	(80, 'Destruction Derby 64', 'THQ', 'Looking Glass Studios'),
	(81, 'Dezaemon 3D', 'Athena', 'Athena'),
	(82, 'Diddy Kong Racing', 'Nintendo', 'Rare'),
	(83, 'Donald Duck Cou@k Att@ck ?*!', 'Ubisoft Entertainment', 'Ubisoft Casablanca, Disney Interactive\r\n'),
	(84, 'Donkey Kong 64', 'Nintendo', 'Rare'),
	(85, 'Doom 64', 'Midway Games', 'Midway Games'),
	(86, 'Doraemon 2 : Nobita to Hikari no Shinden', 'Epoch', 'Epoch'),
	(87, 'Doraemon 3: Nobita no Machi SOS!', 'Epoch', 'Epoch'),
	(88, 'Doraemon: Nobita to 3-tsu no Seirei Ishi', 'Epoch', 'Epoch'),
	(89, 'Dr. Mario 64', 'Nintendo', 'Newcom'),
	(90, 'Dual Heroes', 'Hudson Soft, Electro Brain', 'Produce!'),
	(91, 'Duke Nukem 64', 'GT Interactive', '3D Realms, Eurocom'),
	(92, 'Duke Nukem : Zero Hour', 'GT Interactive', 'Eurocom'),
	(93, 'Earthworm Jim 3D', 'Rockstar Games', 'VIS Interactive');
/*!40000 ALTER TABLE `info_complemantaire_jv` ENABLE KEYS */;

CREATE TABLE IF NOT EXISTS `region` (
  `id` int(11) NOT NULL AUTO_INCREMENT,
  `nom_region` varchar(100) NOT NULL,
  `console_id_region` int(11) NOT NULL,
  PRIMARY KEY (`id`),
  KEY `console_id` (`console_id_region`),
  CONSTRAINT `console_id` FOREIGN KEY (`console_id_region`) REFERENCES `console` (`id`)
) ENGINE=InnoDB AUTO_INCREMENT=4 DEFAULT CHARSET=utf8;

DELETE FROM `region`;
/*!40000 ALTER TABLE `region` DISABLE KEYS */;
INSERT INTO `region` (`id`, `nom_region`, `console_id_region`) VALUES
	(1, 'PAL', 1),
	(2, 'NTSC-J', 1),
	(3, 'NTSC-U', 1);
/*!40000 ALTER TABLE `region` ENABLE KEYS */;

CREATE TABLE IF NOT EXISTS `jeux_videos` (
  `id` int(11) NOT NULL AUTO_INCREMENT,
  `image` varchar(255) NOT NULL,
  `nom_jv` varchar(100) NOT NULL,
  `date_de_creation` date NOT NULL,
  `console_id_jv` int(11) NOT NULL,
  `info_complemantaire_jv_id` int(11) DEFAULT NULL,
  `region_id` int(11) DEFAULT NULL,
  PRIMARY KEY (`id`),
  KEY `console_id` (`console_id_jv`),
  KEY `info_complémantaire_jv_id` (`info_complemantaire_jv_id`),
  KEY `region_id` (`region_id`),
  CONSTRAINT `jeux_videos_ibfk_1` FOREIGN KEY (`console_id_jv`) REFERENCES `console` (`id`),
  CONSTRAINT `jeux_videos_ibfk_2` FOREIGN KEY (`info_complemantaire_jv_id`) REFERENCES `info_complemantaire_jv` (`id`),
  CONSTRAINT `jeux_videos_ibfk_3` FOREIGN KEY (`region_id`) REFERENCES `region` (`id`)
) ENGINE=InnoDB AUTO_INCREMENT=172 DEFAULT CHARSET=utf8;

DELETE FROM `jeux_videos`;
/*!40000 ALTER TABLE `jeux_videos` DISABLE KEYS */;
INSERT INTO `jeux_videos` (`id`, `image`, `nom_jv`, `date_de_creation`, `console_id_jv`, `info_complemantaire_jv_id`, `region_id`) VALUES
	(1, 'img/jeuxVideos/007LeMondeNeSuffitPasPAL.jpg', '007 Le Monde Ne Suffit Pas', '2000-10-17', 1, 1, 1),
	(2, 'img/jeuxVideos/007TheWorldIsNotEnoughUTSC-E.jpg', '007 The World Is Not Enough', '2000-10-17', 1, 1, 3),
	(3, 'img/jeuxVideos/1080SnowboardingNTSC-J.jpg', '1080° Snowboarding', '1998-02-28', 1, 2, 2),
	(4, 'img/jeuxVideos/1080SnowboardingNTSC-U.jpg', '1080° Snowboarding', '1998-04-01', 1, 2, 3),
	(5, 'img\\jeuxVideos\\1080SnowboardingPAL.jpg', '1080° Snowboarding', '1998-11-30', 1, 2, 1),
	(6, 'img/jeuxVideos/64Ozumo.jpg', '64 Ōzumō', '1997-11-28', 1, 3, 2),
	(7, 'img/jeuxVideos/64Ozumo2.jpg', '64 Ōzumō 2', '1999-03-19', 1, 4, 2),
	(8, 'img/jeuxVideos/64deHakken!TamagotchiMinnadeTamagotchi.jpg', '64 de Hakken! Tamagotchi Minna de Tamagotchi...', '1997-12-19', 1, 5, 2),
	(9, 'img/jeuxVideos/64HanafudaTenshinoYakusoku.jpg', '64 Hanafuda: Tenshi no Yakusoku', '1999-11-05', 1, 6, 2),
	(10, 'img/jeuxVideos/64TrumpCollectionAlicenoWakuWakuTrump.jpg', '64 Trump Collection: Alice no Waku Waku Trump...', '1998-08-07', 1, 7, 2),
	(11, 'img/jeuxVideos/ABugsLifeUTSC-E.jpg', 'A Bug\'s Life', '1999-04-30', 1, 8, 3),
	(12, 'img/jeuxVideos/ABugsLifePAL.jpg', 'A Bug\'s Life', '1999-01-01', 1, 8, 1),
	(13, 'img/jeuxVideos/AeroGaugePAL.jpg', 'AeroGauge', '1998-05-01', 1, 9, 1),
	(14, 'img\\jeuxVideos\\AeroGaugeUTSC-E.jpg', 'AeroGauge', '1998-04-30', 1, 9, 3),
	(15, 'img/jeuxVideos/AeroGaugeUTSC-J.jpg', 'AeroGauge', '1997-12-19', 1, 9, 2),
	(16, 'img/jeuxVideos/AeroFightersAssaultPAL.jpg', 'AeroFighters Assault', '1998-04-12', 1, 10, 1),
	(17, 'img\\jeuxVideos\\AeroFightersAssaultNTSC-U.jpg', 'AeroFighters Assault', '1997-10-30', 1, 10, 3),
	(18, 'img\\jeuxVideos\\AeroFightersAssaultNTSC-J.jpg', 'Sonic Wings Assault', '1998-03-19', 1, 10, 2),
	(19, 'img/jeuxVideos/AIShōgi3.jpg', 'AI Shōgi 3', '1998-12-18', 1, 11, 2),
	(20, 'img/jeuxVideos/AidynChronicles-TheFirstMageNTSC-U.jpg', 'Aidyn Chronicles-The First Mage', '2001-03-14', 1, 12, 3),
	(21, 'img\\jeuxVideos\\AidynChronicles-TheFirstMagePAL.jpg', 'Aidyn Chronicles-The First Mage', '2001-08-03', 1, 12, 1),
	(22, 'img/jeuxVideos/AirBoarder64NTSC-J.jpg', 'Airboarder 64', '1998-03-27', 1, 13, 2),
	(23, 'img/jeuxVideos/AirBoarder64PAL.png', 'Airboarder 64', '1998-11-01', 1, 13, 1),
	(24, 'img/jeuxVideos/AirBoardinUSA.jpg', 'AirBoardin\' USA', '1999-09-01', 1, 14, 3),
	(25, 'img/jeuxVideos/AllStarBaseball2000.jpg', 'All-Star Baseball 2000', '1999-05-01', 1, 15, 3),
	(26, 'img/jeuxVideos/AllStarBaseball2001.jpg', 'All-Star Baseball 2001', '2000-02-29', 1, 16, 3),
	(27, 'img/jeuxVideos/AllStarBaseball99NTSC-U.jpg', 'All-Star Baseball \'99', '1998-05-01', 1, 17, 3),
	(28, 'img/jeuxVideos/AllStarBaseball99PAL.jpg', 'All-Star Baseball \'99', '1998-08-01', 1, 17, 1),
	(29, 'img/jeuxVideos/ArmorinesProjectSWARMNTSC-U.jpg', 'Armorines : Project S.W.A.R.M', '1999-12-02', 1, 18, 3),
	(30, 'img/jeuxVideos/ArmorinesProjectSWARMPAL.jpg', 'Armorines : Project S.W.A.R.M', '1999-12-02', 1, 18, 1),
	(31, 'img/jeuxVideos/ArmyMenAirCombat.jpg', 'Army Men : Air Combat', '2000-07-19', 1, 19, 3),
	(32, 'img/jeuxVideos/ArmyMenSargesHeroesNTSC-U.jpg', 'Army Men : Sarge\'s Heroes', '1999-09-30', 1, 20, 3),
	(33, 'img/jeuxVideos/ArmyMenSargesHeroesPAL.jpg', 'Army Men : Sarge\'s Heroes', '2000-04-14', 1, 20, 1),
	(34, 'img/jeuxVideos/ArmyMenSargesHeroes2.jpg', 'Army Men : Sarge\'s Heroes 2', '2000-09-26', 1, 21, 3),
	(35, 'img/jeuxVideos/AsteroidsHyper64.jpg', 'Asteroids Hyper 64', '1999-12-15', 1, 22, 3),
	(36, 'img\\jeuxVideos\\AutomobiliLamborghiniNTSC-J.jpg', 'Super Speed Race 64', '1998-05-29', 1, 23, 2),
	(37, 'img/jeuxVideos/AutomobiliLamborghiniNTSC-U.jpg', 'Automobili Lamborghini', '1997-11-30', 1, 23, 3),
	(38, 'img\\jeuxVideos\\AutomobiliLamborghiniPAL.jpg', 'Automobili Lamborghini', '1997-12-01', 1, 23, 1),
	(39, 'img/jeuxVideos/BakushōJinsei64MezaseResortŌ.jpg', 'Bakushō Jinsei 64: Mezase! Resort Ō', '1998-12-24', 1, 24, 2),
	(40, 'img/jeuxVideos/BangaiO.jpg', 'Bangai-O', '1999-09-03', 1, 25, 2),
	(41, 'img/jeuxVideos/BanjoKazooieNTSC-J.jpg', 'Banjo Kazooie Adventure 1', '1998-12-05', 1, 26, 2),
	(42, 'img/jeuxVideos/BanjoKazooieNTSC-U.png', 'Banjo-Kazooie', '1998-06-30', 1, 26, 3),
	(43, 'img/jeuxVideos/BanjoKazooiePAL.jpg', 'Banjo-Kazooie', '1998-07-07', 1, 26, 1),
	(44, 'img/jeuxVideos/BanjoTooieNTSC-J.jpg', 'Banjo to Kazooie no Daibouken 2', '2000-11-27', 1, 27, 2),
	(45, 'img/jeuxVideos/BanjoTooieNTSC-U.jpg', 'Banjo-Tooie', '2000-11-19', 1, 27, 3),
	(46, 'img\\jeuxVideos\\BanjoTooiePAL.jpg', 'Banjo-Tooie', '2001-04-12', 1, 27, 1),
	(47, 'img/jeuxVideos/BassRushECOGEARPowerWormChampionshipNTSC-J.jpg', 'Bass Rush: ECOGEAR PowerWorm Championship', '2000-04-28', 1, 28, 2),
	(48, 'img/jeuxVideos/BassMasters2000.png', 'Bassmasters 2000', '1999-12-16', 1, 29, 3),
	(49, 'img/jeuxVideos/BatmanOfTheFutureReturnOfTheJokerNTSC-U.jpg', 'Batman Beyond: Return of the Joker', '2000-12-13', 1, 30, 3),
	(50, 'img/jeuxVideos/BatmanOfTheFutureReturnOfTheJokerPAL.jpg', 'Batman of the Future: Return of the Joker', '2001-01-19', 1, 30, 1),
	(51, 'img/jeuxVideos/BattleTanx.jpg', 'BattleTanx', '1998-12-29', 1, 31, 3),
	(52, 'img\\jeuxVideos\\BattleTanxGlobalAssaultNTSC-U.jpg', 'BattleTanx: Global Assault', '1999-08-31', 1, 32, 3),
	(53, 'img/jeuxVideos/BattleTanxGlobalAssaultPAL.jpg', 'BattleTanx: Global Assault', '2000-04-01', 1, 32, 1),
	(54, 'img/jeuxVideos/BattleZoneRiseOfTheBlackDogs.jpg', 'BattleZone : Rise of the Black Dogs', '2000-03-01', 1, 33, 3),
	(55, 'img/jeuxVideos/BeetleAdventureRacingNTSC-U.PNG', 'Beetle Adventure Racing', '1999-02-28', 1, 34, 3),
	(56, 'img/jeuxVideos/BeetleAdventureRacingPAL.jpg', 'Beetle Adventure Racing', '1999-09-04', 1, 34, 1),
	(57, 'img\\jeuxVideos\\BigMountain2000NTSC-J.jpg', 'Snow Speeder', '1998-12-26', 1, 35, 2),
	(58, 'img/jeuxVideos/BigMountain2000NTSC-U.png', 'Big Mountain 2000', '2000-10-10', 1, 35, 3),
	(59, 'img\\jeuxVideos\\BioFreaksNTSC-U.png', 'Bio Freaks', '1998-05-31', 1, 36, 3),
	(60, 'img\\jeuxVideos\\BioFreaksPAL.jpg', 'Bio Freaks', '1998-09-01', 1, 36, 1),
	(61, 'img\\jeuxVideos\\BlastCorpsNTSC-J.jpg', 'Blast Dozer', '1997-03-21', 1, 37, 2),
	(62, 'img\\jeuxVideos\\BlastCorpsNTSC-U.jpg', 'Blast Corps', '1997-03-26', 1, 37, 3),
	(63, 'img\\jeuxVideos\\BlastCorpsPAL.jpg', 'Blast Corps', '1997-12-22', 1, 37, 1),
	(64, 'img\\jeuxVideos\\BluesBrothers2000NTSC-U.png', 'Blues Brothers 2000', '2000-11-17', 1, 38, 3),
	(65, 'img\\jeuxVideos\\BluesBrothers2000PAL.jpg', 'Blues Brothers 2000', '2000-10-13', 1, 38, 1),
	(66, 'img\\jeuxVideos\\BodyHarvestNTSC-U.jpg', 'Body Harvest', '1998-09-30', 1, 39, 3),
	(67, 'img\\jeuxVideos\\BodyHarvestPAL.jpg', 'Body Harvest', '1998-10-20', 1, 39, 1),
	(68, 'img\\jeuxVideos\\Bomberman64NTSC-J.jpg', 'Baku Bomberman', '1997-09-26', 1, 40, 2),
	(69, 'img\\jeuxVideos\\Bomberman64NTSC-U.jpg', 'Bomberman 64', '1997-11-30', 1, 40, 3),
	(70, 'img\\jeuxVideos\\Bomberman64PAL.jpg', 'Bomberman 64', '1997-11-01', 1, 40, 1),
	(71, 'img\\jeuxVideos\\Bomberman64TheSecondAttackNTSC-J.jpg', 'Baku Bomberman 2', '1999-12-03', 1, 41, 2),
	(72, 'img\\jeuxVideos\\Bomberman64TheSecondAttackNTSC-U.jpg', 'Bomberman 64 : The Second Attack', '2000-05-28', 1, 41, 3),
	(73, 'img\\jeuxVideos\\Bomberman64ArcadeEdition.jpg', 'Bomberman 64 Arcade Edition', '2001-12-20', 1, 42, 2),
	(74, 'img\\jeuxVideos\\BombermanHeroNTSC-J.jpg', 'Bonbāman Hīrō ~Mirian-Ōjo o Sukue!~', '1998-04-30', 1, 43, 2),
	(75, 'img\\jeuxVideos\\BombermanHeroNTSC-U.jpg', 'Bomberman Hero', '1998-09-01', 1, 43, 3),
	(76, 'img\\jeuxVideos\\BombermanHeroPAL.jpg', 'Bomberman Hero', '1998-10-01', 1, 43, 1),
	(77, 'img\\jeuxVideos\\BottomOfThe9th.png', 'Bottom Of The 9th', '1999-04-14', 1, 44, 3),
	(78, 'img\\jeuxVideos\\BrunswickCircuitProBowling.jpg', 'Brunswick Circuit Pro Bowling', '1999-12-23', 1, 45, 3),
	(79, 'img\\jeuxVideos\\BuckBumbleNTSC-J.png', 'Buck Bumble', '1998-12-18', 1, 46, 2),
	(80, 'img\\jeuxVideos\\BuckBumbleNTSC-U.jpg', 'Buck Bumble', '1998-09-30', 1, 46, 3),
	(81, 'img\\jeuxVideos\\BuckBumblePAL.jpg', 'Buck Bumble', '1998-12-18', 1, 46, 1),
	(82, 'img\\jeuxVideos\\BustAMove2ArcadeEditionNTSC-U.png', 'Bust a Move 2 Arcade Edition', '1998-04-20', 1, 47, 3),
	(83, 'img\\jeuxVideos\\BustAMove2ArcadeEditionPAL.jpg', 'Bust a Move 2 Arcade Edition', '1998-01-01', 1, 47, 1),
	(84, 'img\\jeuxVideos\\BustAMove3DXPAL.jpg', 'Bust a Move 3 DX', '1998-11-01', 1, 48, 1),
	(85, 'img\\jeuxVideos\\BustAMove3DXNTSC-J.jpg', 'Puzzle Bobble 64', '1999-03-05', 1, 48, 2),
	(86, 'img\\jeuxVideos\\BustAMove3DXNTSC-U.jpg', 'Bust-A-Move 99', '1999-04-30', 1, 48, 3),
	(87, 'img\\jeuxVideos\\CaliforniaSpeed.jpg', 'California Speed', '1999-03-16', 1, 49, 3),
	(88, 'img\\jeuxVideos\\Carmageddon64NTSC-U.jpg', 'Carmageddon 64', '2000-02-11', 1, 50, 3),
	(89, 'img\\jeuxVideos\\Carmageddon64PAL.jpg', 'Carmageddon 64', '1999-12-05', 1, 50, 1),
	(90, 'img\\jeuxVideos\\castlevaniaNTSC-J.jpg', 'Akumajou Dracula Mokushiroku', '1999-03-11', 1, 51, 2),
	(91, 'img\\jeuxVideos\\castlevaniaNTSC-U.jpg', 'Castlevania', '1999-01-26', 1, 51, 3),
	(92, 'img\\jeuxVideos\\castlevaniaPAL.jpg', 'Castlevania', '1999-05-14', 1, 51, 1),
	(93, 'img\\jeuxVideos\\CastlevaniaLegacyOfDarknessNTSC-J.jpg', 'Akumajō Dorakyura Mokushiroku Gaiden Rejendo obu Kōneru', '1999-12-25', 1, 52, 2),
	(94, 'img\\jeuxVideos\\CastlevaniaLegacyOfDarknessNTSC-U.jpg', 'Castlevania : Legacy of Darkness', '1999-11-30', 1, 52, 3),
	(95, 'img\\jeuxVideos\\CastlevaniaLegacyOfDarknessPAL.jpg', 'Castlevania : Legacy of Darkness', '2000-03-03', 1, 52, 1),
	(96, 'img\\jeuxVideos\\CentreCourtTennisPAL.jpg', 'centre court tennis', '1999-01-01', 1, 53, 1),
	(97, 'img\\jeuxVideos\\CentreCourtTennisNTSC-J.jpg', 'Let\'s Smash Tennis', '1998-10-09', 1, 53, 2),
	(98, 'img\\jeuxVideos\\ChōkūkanNightProYakyūKing.jpg', 'Chōkūkan Night Pro Yakyū King', '1996-12-20', 1, 54, 2),
	(99, 'img\\jeuxVideos\\ChōkūkanNightProYakyūKing2.jpg', 'Chōkūkan Night: Pro Yakyū King 2', '1999-03-19', 1, 55, 2),
	(100, 'img\\jeuxVideos\\ChameleonTwistNTSC-J.jpg', 'Chameleon Twist', '1997-12-12', 1, 56, 2),
	(101, 'img\\jeuxVideos\\ChameleonTwistNTSC-U.jpg', 'Chameleon Twist', '1997-11-30', 1, 56, 3),
	(102, 'img\\jeuxVideos\\ChameleonTwistPAL.jpg', 'Chameleon Twist', '1997-12-06', 1, 56, 1),
	(103, 'img\\jeuxVideos\\ChameleonTwist2NTSC-J.jpg', 'Chameleon Twist 2', '1998-12-25', 1, 57, 2),
	(104, 'img\\jeuxVideos\\ChameleonTwist2NTSC-U.jpg', 'Chameleon Twist 2', '1999-04-14', 1, 57, 3),
	(105, 'img\\jeuxVideos\\ChameleonTwist2PAL.jpg', 'Chameleon Twist 2', '1999-01-01', 1, 57, 1),
	(106, 'img\\jeuxVideos\\CharlieBlastsTerritoryNTSC-U.jpg', 'Charlie Blast\'s Territory', '1999-04-30', 1, 58, 3),
	(107, 'img\\jeuxVideos\\CharlieBlastsTerritoryPAL.jpg', 'Charlie Blast\'s Territory', '1999-04-30', 1, 58, 1),
	(108, 'img\\jeuxVideos\\ChopperAttackNTSC-J.jpg', 'Wild Choppers', '1997-11-28', 1, 59, 2),
	(109, 'img\\jeuxVideos\\ChopperAttackNTSC-U.jpg', 'Chopper Attack', '1998-06-17', 1, 59, 3),
	(110, 'img\\jeuxVideos\\ChopperAttackPAL.jpg', 'Chopper Attack', '1998-09-01', 1, 59, 1),
	(111, 'img\\jeuxVideos\\ChoroQ642HachamechaGrandPrixRace.jpg', 'Choro Q 64 2: Hachamecha Grand Prix Race', '1999-12-24', 1, 60, 2),
	(112, 'img\\jeuxVideos\\ClayFighter63NTSC-U.jpg', 'Clay Fighter 63 1/3', '1997-10-23', 1, 61, 3),
	(113, 'img\\jeuxVideos\\ClayFighter63PAL.jpg', 'Clay Fighter 63 1/3', '1997-11-19', 1, 61, 1),
	(114, 'img\\jeuxVideos\\ClayFighter63SculptorsCut.jpg', 'Clay Fighter 63 1/3 : Sculptor\'s Cut', '1998-05-15', 1, 62, 3),
	(115, 'img\\jeuxVideos\\CommandAndConquerNTSC-U.jpg', 'Command And Conquer', '1999-05-31', 1, 63, 3),
	(116, 'img\\jeuxVideos\\CommandAndConquerPAL.jpg', 'Command And Conquer', '1999-07-30', 1, 63, 1),
	(117, 'img\\jeuxVideos\\ConkersBadFurDayNTSC-U.jpg', 'Conker\'s Bad Fur Day', '2001-03-05', 1, 64, 3),
	(118, 'img\\jeuxVideos\\ConkersBadFurDayPAL.jpg', 'Conker\'s Bad Fur Day', '2001-04-13', 1, 64, 1),
	(119, 'img\\jeuxVideos\\CoupeDuMonde98NTSC-U.jpg', 'World Cup 98', '1998-05-18', 1, 65, 3),
	(120, 'img\\jeuxVideos\\CoupeDuMonde98PAL.jpg', 'Coupe du Monde 98', '1998-05-18', 1, 65, 1),
	(121, 'img\\jeuxVideos\\CruisnExoticaNTSC-U.jpg', 'Cruis\'n Exotica', '2000-10-17', 1, 66, 3),
	(122, 'img\\jeuxVideos\\CruisnUSANTSC_U.jpg', 'Cruis\'n USA', '1996-12-03', 1, 67, 3),
	(123, 'img\\jeuxVideos\\CruisnUSAPAL.jpg', 'Cruis\'n USA', '1998-01-29', 1, 67, 1),
	(124, 'img\\jeuxVideos\\CruisnWorldNTSC-U.jpg', 'Cruis\'n World', '1998-09-26', 1, 68, 3),
	(125, 'img\\jeuxVideos\\CruisnWorldPAL.jpg', 'Cruis\'n World', '1998-06-25', 1, 68, 1),
	(126, 'img\\jeuxVideos\\CustomRobo.jpg', 'Custom Robo', '1999-12-08', 1, 69, 2),
	(127, 'img\\jeuxVideos\\CustomRoboV2.jpg', 'Custom Robo V2', '2000-11-10', 1, 70, 2),
	(128, 'img\\jeuxVideos\\CyberTigerNTSC-U.jpg', 'Cyber Tiger', '2000-02-29', 1, 71, 3),
	(129, 'img\\jeuxVideos\\CyberTigerPAL.jpg', 'Cyber Tiger', '2000-05-05', 1, 71, 1),
	(130, 'img\\jeuxVideos\\DōbutsuNoMori.jpg', 'Dōbutsu no Mori', '2001-04-14', 1, 72, 2),
	(131, 'img\\jeuxVideos\\DaffyDuckDansLeRoleDeDuckDodgersNTSC-U.jpg', 'Duck Dodgers Starring Daffy Duck', '2000-11-17', 1, 73, 3),
	(132, 'img\\jeuxVideos\\DaffyDuckDansLeRoleDeDuckDodgersPAL.jpg', 'Daffy Duck Dans Le Role De Duck Dodgers', '2000-11-15', 1, 73, 1),
	(133, 'img\\jeuxVideos\\DaikatanaNTSC-J.jpg', 'Daikatana', '2000-04-07', 1, 74, 2),
	(134, 'img\\jeuxVideos\\DaikatanaNTSC-U.jpg', 'Daikatana', '2000-07-31', 1, 74, 3),
	(135, 'img\\jeuxVideos\\DaikatanaPAL.jpg', 'Daikatana', '2000-05-26', 1, 74, 1),
	(136, 'img\\jeuxVideos\\DanceDanceRevolutionDisneyDancingMuseum.png', 'Dance Dance Revolution : Disney Dancing Museum', '2000-11-30', 1, 75, 2),
	(137, 'img\\jeuxVideos\\DarkRiftNTSC-J.jpg', 'Space Dynamites', '1998-03-27', 1, 76, 2),
	(138, 'img\\jeuxVideos\\DarkRiftNTSC-U.jpg', 'Dark Rift', '1997-06-30', 1, 76, 3),
	(139, 'img\\jeuxVideos\\DarkRiftPAL.jpg', 'Dark Rift', '1997-07-30', 1, 76, 1),
	(140, 'img\\jeuxVideos\\DeadlyArtsNTSC-J.jpg', 'GASP!! Fighters\' NEXTream', '1998-03-26', 1, 77, 2),
	(141, 'img\\jeuxVideos\\DeadlyArtsNTSC-U.jpg', 'Deadly Arts', '1998-10-07', 1, 77, 3),
	(142, 'img\\jeuxVideos\\DeadlyArtsPAL.jpg', 'GASP!! Fighters\' NEXTream', '1998-09-01', 1, 77, 1),
	(143, 'img\\jeuxVideos\\DenshaDeGo64.jpg', 'Densha de Go! 64', '1999-07-30', 1, 78, 2),
	(144, 'img\\jeuxVideos\\DerbyStallion64.jpg', 'Derby Stallion 64', '2001-08-10', 1, 79, 2),
	(145, 'img\\jeuxVideos\\DestructionDerby64NTSC-U.jpg', 'Destruction Derby 64', '1999-09-30', 1, 80, 3),
	(146, 'img\\jeuxVideos\\DestructionDerby64PAL.jpg', 'Destruction Derby 64', '1999-10-12', 1, 80, 1),
	(147, 'img\\jeuxVideos\\Dezaemon3D.jpg', 'Dezaemon 3D', '1998-06-26', 1, 81, 2),
	(148, 'img\\jeuxVideos\\DiddyKongRacingNTSC-J.jpg', 'Diddy Kong Racing', '1997-11-21', 1, 82, 2),
	(149, 'img\\jeuxVideos\\DiddyKongRacingNTSC-U.jpg', 'Diddy Kong Racing', '1997-11-24', 1, 82, 3),
	(150, 'img\\jeuxVideos\\DiddyKongRacingPAL.jpg', 'Diddy Kong Racing', '1997-11-27', 1, 82, 1),
	(151, 'img\\jeuxVideos\\DonaldDuckCouakAttackNTSC-U.jpg', 'Donald Duck: Goin\' Qu@ckers', '2000-12-20', 1, 83, 3),
	(152, 'img\\jeuxVideos\\DonaldDuckCouakAttackPAL.jpg', 'Donald Duck Cou@k Att@ck ?*!', '2000-12-08', 1, 83, 1),
	(153, 'img\\jeuxVideos\\DonkeyKong64NTSC-J.jpg', 'Donkey Kong 64', '1999-12-10', 1, 84, 2),
	(154, 'img\\jeuxVideos\\DonkeyKong64NTSC-U.jpg', 'Donkey Kong 64', '1999-11-22', 1, 84, 3),
	(155, 'img\\jeuxVideos\\DonkeyKong64PAL.jpg', 'Donkey Kong 64', '1999-12-06', 1, 84, 1),
	(156, 'img\\jeuxVideos\\Doom64NTSC-J.jpg', 'Doom 64', '1997-08-01', 1, 85, 2),
	(157, 'img\\jeuxVideos\\Doom64NTSC-U.jpg', 'Doom 64', '1997-03-31', 1, 85, 3),
	(158, 'img\\jeuxVideos\\Doom64PAL.jpg', 'Doom 64', '1997-12-02', 1, 85, 1),
	(159, 'img\\jeuxVideos\\Doraemon2NobitaToHikariNoShinden.jpg', 'Doraemon 2 : Nobita to Hikari no Shinden', '1998-12-11', 1, 86, 2),
	(160, 'img\\jeuxVideos\\Doraemon3NobitaNoMachiSOS.jpg', 'Doraemon 3: Nobita no Machi SOS!', '2000-07-28', 1, 87, 2),
	(161, 'img\\jeuxVideos\\DoraemonNobitaTo3TsuNoSeireiIshi.jpg', 'Doraemon: Nobita to 3-tsu no Seirei Ishi', '1997-03-21', 1, 88, 2),
	(162, 'img\\jeuxVideos\\DrMario64NTSC-U.jpg', 'Dr. Mario 64', '2001-04-09', 1, 89, 3),
	(163, 'img\\jeuxVideos\\DualHeroesNTSC-J.jpg', 'Dual Heroes', '1997-12-05', 1, 90, 2),
	(164, 'img\\jeuxVideos\\DualHeroesNTSC-U.jpg', 'Dual Heroes', '1998-10-31', 1, 90, 3),
	(165, 'img\\jeuxVideos\\DualHeroesPAL.jpg', 'Dual Heroes', '1998-04-12', 1, 90, 1),
	(166, 'img\\jeuxVideos\\DukeNukem64NTSC-U.jpg', 'Duke Nukem 64', '1997-11-16', 1, 91, 3),
	(167, 'img\\jeuxVideos\\DukeNukem64PAL.jpg', 'Duke Nukem 64', '1997-11-14', 1, 91, 1),
	(168, 'img\\jeuxVideos\\DukeNukemZeroHourNTSC-U.jpg', 'Duke Nukem : Zero Hour', '1999-08-01', 1, 92, 3),
	(169, 'img\\jeuxVideos\\DukeNukemZeroHourPAL.jpg', 'Duke Nukem : Zero Hour', '1999-09-30', 1, 92, 1),
	(170, 'img\\jeuxVideos\\EarthwormJim3DNTSC-U.jpg', 'Earthworm Jim 3D', '1999-10-31', 1, 93, 3),
	(171, 'img\\jeuxVideos\\EarthwormJim3DPAL.jpg', 'Earthworm Jim 3D', '1999-12-17', 1, 93, 1);
/*!40000 ALTER TABLE `jeux_videos` ENABLE KEYS */;

/*!40101 SET SQL_MODE=IFNULL(@OLD_SQL_MODE, '') */;
/*!40014 SET FOREIGN_KEY_CHECKS=IF(@OLD_FOREIGN_KEY_CHECKS IS NULL, 1, @OLD_FOREIGN_KEY_CHECKS) */;
/*!40101 SET CHARACTER_SET_CLIENT=@OLD_CHARACTER_SET_CLIENT */;
