/*!40101 SET @OLD_CHARACTER_SET_CLIENT=@@CHARACTER_SET_CLIENT */;
/*!40101 SET NAMES utf8 */;
/*!50503 SET NAMES utf8mb4 */;
/*!40014 SET @OLD_FOREIGN_KEY_CHECKS=@@FOREIGN_KEY_CHECKS, FOREIGN_KEY_CHECKS=0 */;
/*!40101 SET @OLD_SQL_MODE=@@SQL_MODE, SQL_MODE='NO_AUTO_VALUE_ON_ZERO' */;

CREATE DATABASE IF NOT EXISTS `evolutioerevog` /*!40100 DEFAULT CHARACTER SET utf8 */;
USE `evolutioerevog`;


CREATE TABLE IF NOT EXISTS `constructeur` (
  `id` int(11) NOT NULL AUTO_INCREMENT,
  `nom` varchar(100) NOT NULL,
  `date_de_creation` date NOT NULL,
  PRIMARY KEY (`id`)
) ENGINE=InnoDB AUTO_INCREMENT=2 DEFAULT CHARSET=utf8;

DELETE FROM `constructeur`;
/*!40000 ALTER TABLE `constructeur` DISABLE KEYS */;
INSERT INTO `constructeur` (`id`, `nom`, `date_de_creation`) VALUES
	(1, 'Nintendo', '1889-09-23');
/*!40000 ALTER TABLE `constructeur` ENABLE KEYS */;

CREATE TABLE IF NOT EXISTS `console` (
  `id` int(11) NOT NULL AUTO_INCREMENT,
  `nom` varchar(100) NOT NULL,
  `date_de_creation` date DEFAULT NULL,
  `constructeur_id` int(11) DEFAULT NULL,
  PRIMARY KEY (`id`),
  KEY `constructeur_id` (`constructeur_id`),
  CONSTRAINT `constructeur_id` FOREIGN KEY (`constructeur_id`) REFERENCES `constructeur` (`id`)
) ENGINE=InnoDB AUTO_INCREMENT=2 DEFAULT CHARSET=utf8;

DELETE FROM `console`;
/*!40000 ALTER TABLE `console` DISABLE KEYS */;
INSERT INTO `console` (`id`, `nom`, `date_de_creation`, `constructeur_id`) VALUES
	(1, 'Nintento64', '1996-06-23', 1);
/*!40000 ALTER TABLE `console` ENABLE KEYS */;

CREATE TABLE IF NOT EXISTS `info_complemantaire_jv` (
  `id` int(11) NOT NULL AUTO_INCREMENT,
  `nom_jeux` varchar(100) NOT NULL,
  `editeur` varchar(100) NOT NULL,
  `developpeur` varchar(100) NOT NULL,
  PRIMARY KEY (`id`)
) ENGINE=InnoDB AUTO_INCREMENT=224 DEFAULT CHARSET=utf8;

DELETE FROM `info_complemantaire_jv`;
/*!40000 ALTER TABLE `info_complemantaire_jv` DISABLE KEYS */;
INSERT INTO `info_complemantaire_jv` (`id`, `nom_jeux`, `editeur`, `developpeur`) VALUES
	(1, '007 Le Monde Ne Suffit Pas', 'EA Games, MGM Interactive', 'Eurocom'),
	(2, '1080° Snowboarding', 'Nintendo', 'Nintendo EAD'),
	(3, '64 Ōzumō', 'Bottom Up', 'Bottom Up'),
	(4, '64 Ōzumō 2', 'Bottom Up', 'Bottom Up'),
	(5, '64 de Hakken! Tamagotchi Minna de Tamagotchi...', ' Bandai', ' AI'),
	(6, '64 Hanafuda: Tenshi no Yakusoku', 'Altron', 'Altron'),
	(7, '64 Trump Collection: Alice no Waku Waku Trump...', 'Bottom Up', 'Bottom Up'),
	(8, '1001 pattes', 'Activision', 'Traveller\'s Tales'),
	(9, 'AeroGauge', 'ASCII', 'Locomotive Games'),
	(10, 'AeroFighters Assault', 'Video System', 'Paradigm Entertainment'),
	(11, 'AI Shōgi 3', 'ASCII Corporation', 'Something Good'),
	(12, 'Aidyn Chronicles: The First Mage', 'THQ', 'H2O Entertainment'),
	(13, 'Airboarder 64', 'Human Entertainment, GAGA Communications', 'Human Entertainment '),
	(14, 'AirBoardin\' USA', 'ASCII Entertainment', 'Human Entertainment'),
	(15, 'All-Star Baseball 2000', 'Acclaim Entertainment', 'Iguana Entertainment'),
	(16, 'All-Star Baseball 2001', 'Acclaim', 'High Voltage Software'),
	(17, 'All-Star Baseball \'99', 'Acclaim Entertainment', 'Iguana Entertainment'),
	(18, 'Armorines : Project S.W.A.R.M', 'Acclaim', 'Acclaim'),
	(19, 'Army Men : Air Combat', 'The 3DO Company', 'The 3DO Company'),
	(20, 'Army Men : Sarge\'s Heroes', '3DO', '3DO'),
	(21, 'Army Men : Sarge\'s Heroes 2', 'The 3DO Company', 'The 3DO Company'),
	(22, 'Asteroids Hyper 64', 'Crave Entertainment', 'Syrox'),
	(23, 'Automobili Lamborghini', 'Titus France', 'Titus France'),
	(24, 'Bakushō Jinsei 64: Mezase! Resort Ō', 'Taito', 'Taito'),
	(25, 'Bangai-O', 'ESP', 'Treasure'),
	(26, 'Banjo-Kazooie', 'Nintendo', 'Rare'),
	(27, 'Banjo-Tooie', 'Nintendo', 'Rare'),
	(28, 'Bass Rush: ECOGEAR PowerWorm Championship', 'Visco Corporation', 'Visco Corporation'),
	(29, 'Bassmasters 2000', 'THQ', 'Mass Media'),
	(30, 'Batman of the Future: Return of the Joker', 'Ubisoft', 'Kemco'),
	(31, 'BattleTanx', 'The 3DO Company', 'The 3DO Company'),
	(32, 'BattleTanx: Global Assault', '3DO', '3DO'),
	(33, 'Battlezone: Rise of the Black Dogs', 'Crave Entertainment', 'Climax Group'),
	(34, 'Beetle Adventure Racing', 'Electronic Arts', 'Paradigm Entertainment'),
	(35, 'Big Mountain 2000', 'Imagineer, SouthPeak Games', 'Natsume'),
	(36, 'Bio Freaks', 'Midway Games', 'Saffire Corporation'),
	(37, 'Blast Corps', 'Nintendo', 'Rare'),
	(38, 'Blues Brothers 2000', 'Titus Interactive', 'Player 1'),
	(39, 'Body Harvest', 'Gremlin Interactive, Midway Home Entertainment', 'DMA Design'),
	(40, 'Bomberman 64', 'Hudson Soft, Nintendo', 'Hudson Soft'),
	(41, 'Bomberman 64: The Second Attack', 'Vatical Entertainment', 'Hudson Soft'),
	(42, 'Bomberman 64 Arcade Edition', '\r\nHudson Soft', 'Racjin'),
	(43, 'Bomberman Hero', 'Nintendo, Hudson Soft', 'AI'),
	(44, 'Bottom Of The 9th', 'Konami', 'Konami'),
	(45, 'Brunswick Circuit Pro Bowling', 'Point of View', 'THQ'),
	(46, 'Buck Bumble', 'Argonaut Software', 'Ubisoft'),
	(47, 'Bust a Move 2 Arcade Edition', 'Taito Corporation, Acclaim Entertainment', 'Probe Entertainment'),
	(48, 'Bust a Move 3 DX', 'Taito Corporation, Acclaim Entertainment', 'Taito Corporation'),
	(49, 'California Speed', 'Midway Games', 'Atari Games'),
	(50, 'Carmageddon 64', 'Sales Curve Interactive', 'Software Creations'),
	(51, 'Castlevania', 'Konami', 'Konami CEK'),
	(52, 'Castlevania : Legacy of Darkness', 'Konami', 'KCE Kobe'),
	(53, 'Centre Court Tennis', 'Hudson Soft, BigBen Interactive', 'Hudson Soft'),
	(54, 'Chōkūkan Night: Pro Yakyū King', 'Imagineer', 'Genki'),
	(55, 'Chōkūkan Night: Pro Yakyū King 2', 'Imagineer', 'Genki'),
	(56, 'Chameleon Twist', 'Sunsoft', 'Japan System Supply'),
	(57, 'Chameleon Twist 2', 'Sunsoft', 'Japan System Supply Toshiba Miramax Communications'),
	(58, 'Charlie Blast\'s Territory', 'Kemco', 'Realtime Associates'),
	(59, 'Chopper Attack', 'Midway Games', 'SETA Corporation'),
	(60, 'Choro Q 64 2: Hachamecha Grand Prix Race', 'Takara', 'Locomotive Games'),
	(61, 'Clay Fighter 63 1/3', 'Interplay Productions', 'Interplay Productions'),
	(62, 'Clay Fighter 63 1/3 : Sculptor\'s Cut', 'Interplay Productions', 'Interplay Productions'),
	(63, 'Command And Conquer', 'Nintendo', 'Looking Glass Studios'),
	(64, 'Conker\'s Bad Fur Day', 'Rare, THQ', 'Rare'),
	(65, 'Coupe du Monde 98', 'EA Sports', 'EA Canada'),
	(66, 'Cruis\'n Exotica', 'Midway', 'Gratuitous Games'),
	(67, 'Cruis\'n USA', 'Nintendo', 'Williams'),
	(68, 'Cruis\'n World', 'Midway Games', 'Eurocom'),
	(69, 'Custom Robo', 'Nintendo', 'Noise'),
	(70, 'Custom Robo V2', 'Nintendo', 'Noise'),
	(71, 'Cyber Tiger', 'Electronic Arts', 'Saffire Corporation'),
	(72, 'Dōbutsu no Mori', 'Nintendo', 'Nintendo EAD'),
	(73, 'Daffy Duck Dans Le Role De Duck Dodgers', 'Infogrames', 'Paradigm Entertainment'),
	(74, 'Daikatana', 'Kemco', 'Ion Storm'),
	(75, 'Dance Dance Revolution : Disney Dancing Museum', 'Konami', 'Bemani'),
	(76, 'Dark Rift', 'Vic Tokai', 'Kronos Digital Entertainment'),
	(77, 'Deadly Arts', 'Konami', 'Konami'),
	(78, 'Densha de Go! 64', 'Taito', 'AI'),
	(79, 'Derby Stallion 64', 'Media Factory', 'Parity Bit'),
	(80, 'Destruction Derby 64', 'THQ', 'Looking Glass Studios'),
	(81, 'Dezaemon 3D', 'Athena', 'Athena'),
	(82, 'Diddy Kong Racing', 'Nintendo', 'Rare'),
	(83, 'Donald Duck Cou@k Att@ck ?*!', 'Ubisoft Entertainment', 'Ubisoft Casablanca, Disney Interactive\r\n'),
	(84, 'Donkey Kong 64', 'Nintendo', 'Rare'),
	(85, 'Doom 64', 'Midway Games', 'Midway Games'),
	(86, 'Doraemon 2 : Nobita to Hikari no Shinden', 'Epoch', 'Epoch'),
	(87, 'Doraemon 3: Nobita no Machi SOS!', 'Epoch', 'Epoch'),
	(88, 'Doraemon: Nobita to 3-tsu no Seirei Ishi', 'Epoch', 'Epoch'),
	(89, 'Dr. Mario 64', 'Nintendo', 'Newcom'),
	(90, 'Dual Heroes', 'Hudson Soft, Electro Brain', 'Produce!'),
	(91, 'Duke Nukem 64', 'GT Interactive', '3D Realms, Eurocom'),
	(92, 'Duke Nukem : Zero Hour', 'GT Interactive', 'Eurocom'),
	(93, 'Earthworm Jim 3D', 'Rockstar Games', 'VIS Interactive'),
	(94, 'ECW Hardcore Revolution', 'Acclaim Entertainment', 'Acclaim Salt Lake City'),
	(95, 'Eikō no Saint Andrews', 'Seta', 'Seta'),
	(96, 'Excitebike 64', 'Nintendo', 'Left Field Productions'),
	(97, 'Extreme-G', 'Acclaim Entertainment', 'Probe Entertainment'),
	(98, 'Extreme-G : XG2', 'Acclaim', 'Probe Entertainment'),
	(99, 'Fūrai no Siren 2: Oni Shūrai! Siren-jō!', 'ChunSoft', 'ChunSoft'),
	(100, 'F-Zero X', 'Nintendo', 'Nintendo EAD'),
	(101, 'F1 Pole Position 64', 'Human Entertainment, Ubisoft', 'Human Entertainment'),
	(102, 'F1 Racing Championship', 'Video System, Ubisoft', 'Ubisoft Shanghai, Ubisoft Milan'),
	(103, 'F1 World Grand Prix', 'Video System', 'Paradigm Entertainment, Video System, Lankhor'),
	(104, 'F1 World Grand Prix 2', 'Video System', 'Paradigm Entertainment'),
	(105, 'Famista 64', 'Namco', 'Namco'),
	(106, 'FIFA Soccer 64', 'EA Sports', 'EA Canada'),
	(107, 'FIFA: Road to World Cup 98', 'Electronic Arts', 'EA Canada'),
	(108, 'FIFA 99', 'EA Sports', 'EA Canada'),
	(109, 'Fighters Destiny', 'Ocean Software, Infogrames, Imagineer', 'Genki'),
	(110, 'Fighter\'s Destiny 2', 'SouthPeak Games, Xicat', 'Imagineer, Opus Corp., Genki'),
	(111, 'Fighting Force 64', 'Crave Entertainment', 'Core Design, Electronic Arts Victor '),
	(112, 'Flying Dragon', 'Culture Brain, Natsume', 'Culture Brain'),
	(113, 'Forsaken', 'Acclaim Entertainment', 'Iguana Entertainment UK'),
	(114, 'Fox Sports College Hoops 99', 'Fox Sports Interactive', 'Z-Axis'),
	(115, 'Gauntlet Legends', 'Atari Games, SNK, Midway Games, Epoch Co., Ltd.', 'Atari Games'),
	(116, 'Getter Love!! Cho Renai Party Game', 'Hudson Soft', 'Hudson Soft'),
	(117, 'Gex 3: Deep Cover Gecko', 'Crave Entertainment', 'Crystal Dynamics'),
	(118, 'Gex 64: Enter the Gecko', 'Midway Games, GT Interactive Software', 'Crystal Dynamics, Realtime Associates'),
	(119, 'Glover', 'Hasbro Interactive', 'Interactive Studios'),
	(120, 'Goemon Mononoke Sugoroku', 'Konami', 'KCEK'),
	(121, 'Golden Nugget 64', 'Electronic Arts', 'Westwood Studios'),
	(122, 'GoldenEye 007', 'Nintendo', 'Rare'),
	(123, 'GT 64: Championship Edition', 'Imagineer, Infogrames United Kingdom, Ocean of America', 'Imagineer'),
	(124, 'Hamster Monogatari 64', 'Culture Brain', 'Culture Brain'),
	(125, 'Harvest Moon 64', 'Victor Interactive Software, Natsume', 'Victor Interactive Software'),
	(126, 'Heiwa Pachinko World 64', 'Amtex', 'Heiwa'),
	(127, 'Hercules: The Legendary Journeys', 'Titus Software', 'Player 1'),
	(128, 'Hexen: Beyond Heretic', 'id Software', 'Raven Software'),
	(129, 'Hey You, Pikachu!', 'Nintendo', 'Ambrella'),
	(130, 'Holy Magic Century', 'THQ, Konami, Imagineer', 'Imagineer'),
	(131, 'Hot Wheels Turbo Racing', 'Electronic Arts', 'Stormfront Studios'),
	(132, 'Hybrid Heaven', 'Konami', 'Konami Computer Entertainment, Osaka'),
	(133, 'Hydro Thunder', 'Midway', 'Midway'),
	(134, 'Ide Yōsuke no Mahjong Juku', 'Seta', 'Seta'),
	(135, 'Iggy\'s Reckin\' Balls', 'Iguana Entertainment', 'Acclaim Entertainment'),
	(136, 'In-Fisherman Bass Hunter 64', 'Take-Two Interactive', 'Gear Head Studios'),
	(137, 'Indiana Jones : La Machine Infernale', 'LucasArts Entertainment', 'Factor 5'),
	(138, 'Indy Racing 2000', 'Infogrames', 'Paradigm Entertainment'),
	(139, 'International Superstar Soccer 2000', 'Konami', 'KCEO'),
	(140, 'International Superstar Soccer 64', 'Konami', 'Konami Computer Entertainment Osaka'),
	(141, 'International Superstar Soccer 98', 'Konami', 'Konami Computer Entertainment Osaka'),
	(142, 'International Track And Field : Summer Games', 'Konami', 'Konami'),
	(143, 'Itoi Shigesato no Bass Tsuri No. 1', 'Nintendo', 'HAL Laboratory'),
	(144, 'J-League Dynamite Soccer 64', 'Imagineer', 'A-max'),
	(145, 'J-league Eleven Beat 1997', 'Hudson Soft', 'Hudson Soft'),
	(146, 'J-League Tactics Soccer', 'ASCII Entertainment', 'ASCII Entertainment'),
	(147, 'J. League Live 64', 'Electronic Arts Victor', 'Electronic Arts Victor'),
	(148, 'Jangō Simulation Mahjong-dō 64', 'Video System', 'Video System'),
	(149, 'Jeopardy!', 'Take-Two Interactive', 'GameTek'),
	(150, 'Jeremy McGrath Supercross 2000', 'Acclaim Sports', 'Acclaim Studios Salt Lake City'),
	(151, 'Jet Force Gemini', 'Rare', 'Rare'),
	(152, 'Jikkyō GI Stable', 'Konami', 'Konami Computer Entertainment Nagoya'),
	(153, 'Jikkyō Powerful Pro Yakyū 2000', 'Konami', 'Konami'),
	(154, 'Jikkyō Powerful Pro Yakyū 4', 'Konami', 'Konami'),
	(155, 'Jikkyō Powerful Pro Yakyū 5', 'Konami', 'Konami'),
	(156, 'Jikkyō Powerful Pro Yakyū 6', 'Konami', 'Konami'),
	(157, 'Jikkyō Powerful Pro Yakyū Basic-ban 2001', 'Konami', 'Konami'),
	(158, 'Jinsei Game 64', 'Takara', 'Takara'),
	(159, 'Ken Griffey Jr\'s Slugfest', 'Angel Studios', 'Nintendo'),
	(160, 'Killer Instinct Gold', 'Nintendo', 'Rare'),
	(161, 'Kira to Kaiketsu! 64 Tanteidan', 'Imagineer', 'Pandora Box'),
	(162, 'Kirby 64 : The Crystal Shards', 'Nintendo', 'HAL Laboratory'),
	(163, 'Knife Edge : Nose Gunner', 'Kemco', 'Kemco'),
	(164, 'Knockout Kings 2000', 'EA Sports', 'Black Ops Entertainment'),
	(165, 'Kobe Bryant In NBA Courtside', 'Nintendo', 'Left Field Productions'),
	(166, 'Kuiki Uhabi Suigou', 'Seta', 'Nihon Shogi Network'),
	(167, 'Last Legion UX', 'Hudson Soft', 'Yuke\'s'),
	(168, 'Lego Racers', 'Lego Media', 'High Voltage Software'),
	(169, 'Les Razmoket : La Chasse aux Trésors', 'THQ', 'Realtime Associates'),
	(170, 'Les Razmoket a Paris: Le Film', 'THQ', 'Avalanche Software'),
	(171, 'Lode Runner 3-D', 'Banpresto, Infogrames', 'Big Bang'),
	(172, 'Lylat Wars', 'Nintendo', 'Nintendo EAD'),
	(173, 'Mace: The Dark Age', 'Atari Games, Midway Games', 'Atari Games, Midway Games'),
	(174, 'Madden Football 64', 'EA Sports', 'EA Tiburon'),
	(175, 'Madden NFL 2000', 'EA Sports', 'EA Tiburon'),
	(176, 'Madden NFL 2001', 'EA Sports', 'EA Tiburon'),
	(177, 'Madden NFL 2002', 'EA Sports', 'EA Tiburon, Budcat Creations'),
	(178, 'Madden NFL 99', 'EA Sports', 'EA Tiburon'),
	(179, 'Magical Tetris Challenge', 'Capcom, Activision', 'Capcom'),
	(180, 'Mahjong 64', 'Koei', 'Chat Noir'),
	(181, 'Mahjong Hōrōki Classic', 'Imagineer', 'Imagineer'),
	(182, 'Mahjong Master', 'Konami', 'Konami'),
	(183, 'Major League Baseball Featuring Ken Griffey Jr', 'Nintendo', 'Angel Studios'),
	(184, 'Mario Golf', 'Nintendo', 'Camelot Software Planning'),
	(185, 'Mario Kart 64', 'Nintendo', 'Nintendo EAD'),
	(186, 'Mario no Photopi', 'Nintendo', 'Tokyo Electron'),
	(187, 'Mario Party', 'Nintendo', 'Hudson Soft'),
	(188, 'Mario Party 2', 'Nintendo', 'Hudson Soft'),
	(189, 'Mario Party 3', 'Nintendo', 'Hudson Soft'),
	(190, 'Mario Tennis', 'Nintendo', 'Camelot'),
	(191, 'Masters \'98: Haruka Naru Augusta', 'T&E Soft', 'T&E Soft'),
	(192, 'Mega Man 64', 'Capcom', 'Capcom Production Studio 2'),
	(193, 'Mickey\'s Speedway USA', 'Nintendo', 'Rare'),
	(194, 'Micro Machines 64 Turbo', 'Midway', 'Codemasters'),
	(195, 'Midway\'s Greatest Arcade Hits Volume 1', 'Midway', 'Digital Eclipse'),
	(196, 'Mike Piazza\'s Strike Zone', 'GT Interactive', 'Devil\'s Thumb Entertainment'),
	(197, 'Milo\'s Astro Lanes', 'Crave Entertainment', 'Player 1'),
	(198, 'Mischief Makers', 'Enix, Nintendo', 'Treasure'),
	(199, 'Mission : Impossible - "Expect The Impossible"', 'Ocean Software, Infogrames', 'Infogrames'),
	(200, 'Monaco Grand Prix', 'Ubisoft', 'Ubisoft Paris'),
	(201, 'Monopoly', 'Hasbro Interactive', 'Mind\'s Eye Productions'),
	(202, 'Monster Truck Madness 64', 'Rockstar Games, Interplay', 'Edge of Reality'),
	(203, 'Morita Shogi 64', 'Seta', 'Seta'),
	(204, 'Mortal Kombat 4', 'Eurocom', 'Midway Games'),
	(205, 'Mortal Kombat Mythologies Sub-Zero', 'Midway Games', 'Avalanche Software'),
	(206, 'Mortal Kombat Trilogy', 'GT Interactive', 'Midway Games'),
	(207, 'Ms. Pac-Man : Maze Madness', 'Namco', 'Namco, Mass Media'),
	(208, 'MRC: Multi-Racing Championship', 'Imagineer, Ocean', 'Genki'),
	(209, 'Mystery Dungeon: Shiren the Wanderer 2', 'Nintendo', 'Chunsoft'),
	(210, 'Mystical Ninja 2: starring Goemon', 'Konami', 'KCE'),
	(211, 'Mystical Ninja: Starring Goemon', 'Konami', 'Konami Computer Entertainment '),
	(212, 'Nagano Winter Olympics \'98', 'Konami', 'Konami'),
	(213, 'Nagano Olympic Hockey 98', 'Midway Games', 'Treyarch'),
	(214, 'Namco Museum 64', 'Namco', 'Namco'),
	(215, 'Nascar 2000', 'EA Sports', 'EA Sports, Stormfront Studios'),
	(216, 'NASCAR 99', 'EA Sports', 'EA Sports, Stormfront Studios'),
	(217, 'NBA Courtside 2 featuring Kobe Bryant', 'Nintendo', 'Left Field Productions'),
	(218, 'NBA Hang Time', 'Midway', 'Midway'),
	(219, 'NBA in the Zone 2000', 'Konami', 'KCEO'),
	(220, 'NBA Jam 2000', 'Acclaim Sports', 'Acclaim Studios Salt Lake City'),
	(221, 'NBA Jam 99', 'Acclaim Sports', 'Iguana SLC'),
	(222, 'NBA Live 2000', 'EA Sports', 'NuFX'),
	(223, 'NBA Live 99', 'EA Sports', 'NuFX');
/*!40000 ALTER TABLE `info_complemantaire_jv` ENABLE KEYS */;

CREATE TABLE IF NOT EXISTS `region` (
  `id` int(11) NOT NULL AUTO_INCREMENT,
  `nom_region` varchar(100) NOT NULL,
  `console_id_region` int(11) NOT NULL,
  PRIMARY KEY (`id`),
  KEY `console_id` (`console_id_region`),
  CONSTRAINT `console_id` FOREIGN KEY (`console_id_region`) REFERENCES `console` (`id`)
) ENGINE=InnoDB AUTO_INCREMENT=4 DEFAULT CHARSET=utf8;

DELETE FROM `region`;
/*!40000 ALTER TABLE `region` DISABLE KEYS */;

INSERT INTO `region` (`id`, `nom_region`, `console_id_region`) VALUES
	(1, 'PAL', 1),
	(2, 'NTSC-J', 1),
	(3, 'NTSC-U', 1);
/*!40000 ALTER TABLE `region` ENABLE KEYS */;

CREATE TABLE IF NOT EXISTS `jeux_videos` (
  `id` int(11) NOT NULL AUTO_INCREMENT,
  `image` varchar(255) NOT NULL,
  `nom_jv` varchar(100) NOT NULL,
  `date_de_creation` date NOT NULL,
  `console_id_jv` int(11) NOT NULL,
  `info_complemantaire_jv_id` int(11) DEFAULT NULL,
  `region_id` int(11) DEFAULT NULL,
  PRIMARY KEY (`id`),
  KEY `console_id` (`console_id_jv`),
  KEY `info_complémantaire_jv_id` (`info_complemantaire_jv_id`),
  KEY `region_id` (`region_id`),
  CONSTRAINT `jeux_videos_ibfk_1` FOREIGN KEY (`console_id_jv`) REFERENCES `console` (`id`),
  CONSTRAINT `jeux_videos_ibfk_2` FOREIGN KEY (`info_complemantaire_jv_id`) REFERENCES `info_complemantaire_jv` (`id`),
  CONSTRAINT `jeux_videos_ibfk_3` FOREIGN KEY (`region_id`) REFERENCES `region` (`id`)
) ENGINE=InnoDB AUTO_INCREMENT=422 DEFAULT CHARSET=utf8;

DELETE FROM `jeux_videos`;
/*!40000 ALTER TABLE `jeux_videos` DISABLE KEYS */;
INSERT INTO `jeux_videos` (`id`, `image`, `nom_jv`, `date_de_creation`, `console_id_jv`, `info_complemantaire_jv_id`, `region_id`) VALUES
	(1, 'img/jeuxVideos/007LeMondeNeSuffitPasPAL.jpg', '007 Le Monde Ne Suffit Pas', '2000-10-17', 1, 1, 1),
	(2, 'img/jeuxVideos/007TheWorldIsNotEnoughUTSC-E.jpg', '007 The World Is Not Enough', '2000-10-17', 1, 1, 3),
	(3, 'img/jeuxVideos/1080SnowboardingNTSC-J.jpg', '1080° Snowboarding', '1998-02-28', 1, 2, 2),
	(4, 'img/jeuxVideos/1080SnowboardingNTSC-U.jpg', '1080° Snowboarding', '1998-04-01', 1, 2, 3),
	(5, 'img\\jeuxVideos\\1080SnowboardingPAL.jpg', '1080° Snowboarding', '1998-11-30', 1, 2, 1),
	(6, 'img/jeuxVideos/64Ozumo.jpg', '64 Ōzumō', '1997-11-28', 1, 3, 2),
	(7, 'img/jeuxVideos/64Ozumo2.jpg', '64 Ōzumō 2', '1999-03-19', 1, 4, 2),
	(8, 'img/jeuxVideos/64deHakken!TamagotchiMinnadeTamagotchi.jpg', '64 de Hakken! Tamagotchi Minna de Tamagotchi...', '1997-12-19', 1, 5, 2),
	(9, 'img/jeuxVideos/64HanafudaTenshinoYakusoku.jpg', '64 Hanafuda: Tenshi no Yakusoku', '1999-11-05', 1, 6, 2),
	(10, 'img/jeuxVideos/64TrumpCollectionAlicenoWakuWakuTrump.jpg', '64 Trump Collection: Alice no Waku Waku Trump...', '1998-08-07', 1, 7, 2),
	(11, 'img/jeuxVideos/ABugsLifeUTSC-E.jpg', 'A Bug\'s Life', '1999-04-30', 1, 8, 3),
	(12, 'img/jeuxVideos/ABugsLifePAL.jpg', 'A Bug\'s Life', '1999-01-01', 1, 8, 1),
	(13, 'img/jeuxVideos/AeroGaugePAL.jpg', 'AeroGauge', '1998-05-01', 1, 9, 1),
	(14, 'img\\jeuxVideos\\AeroGaugeUTSC-E.jpg', 'AeroGauge', '1998-04-30', 1, 9, 3),
	(15, 'img/jeuxVideos/AeroGaugeUTSC-J.jpg', 'AeroGauge', '1997-12-19', 1, 9, 2),
	(16, 'img/jeuxVideos/AeroFightersAssaultPAL.jpg', 'AeroFighters Assault', '1998-04-12', 1, 10, 1),
	(17, 'img\\jeuxVideos\\AeroFightersAssaultNTSC-U.jpg', 'AeroFighters Assault', '1997-10-30', 1, 10, 3),
	(18, 'img\\jeuxVideos\\AeroFightersAssaultNTSC-J.jpg', 'Sonic Wings Assault', '1998-03-19', 1, 10, 2),
	(19, 'img/jeuxVideos/AIShōgi3.jpg', 'AI Shōgi 3', '1998-12-18', 1, 11, 2),
	(20, 'img/jeuxVideos/AidynChronicles-TheFirstMageNTSC-U.jpg', 'Aidyn Chronicles-The First Mage', '2001-03-14', 1, 12, 3),
	(21, 'img\\jeuxVideos\\AidynChronicles-TheFirstMagePAL.jpg', 'Aidyn Chronicles-The First Mage', '2001-08-03', 1, 12, 1),
	(22, 'img/jeuxVideos/AirBoarder64NTSC-J.jpg', 'Airboarder 64', '1998-03-27', 1, 13, 2),
	(23, 'img/jeuxVideos/AirBoarder64PAL.png', 'Airboarder 64', '1998-11-01', 1, 13, 1),
	(24, 'img/jeuxVideos/AirBoardinUSA.jpg', 'AirBoardin\' USA', '1999-09-01', 1, 14, 3),
	(25, 'img/jeuxVideos/AllStarBaseball2000.jpg', 'All-Star Baseball 2000', '1999-05-01', 1, 15, 3),
	(26, 'img/jeuxVideos/AllStarBaseball2001.jpg', 'All-Star Baseball 2001', '2000-02-29', 1, 16, 3),
	(27, 'img/jeuxVideos/AllStarBaseball99NTSC-U.jpg', 'All-Star Baseball \'99', '1998-05-01', 1, 17, 3),
	(28, 'img/jeuxVideos/AllStarBaseball99PAL.jpg', 'All-Star Baseball \'99', '1998-08-01', 1, 17, 1),
	(29, 'img/jeuxVideos/ArmorinesProjectSWARMNTSC-U.jpg', 'Armorines : Project S.W.A.R.M', '1999-12-02', 1, 18, 3),
	(30, 'img/jeuxVideos/ArmorinesProjectSWARMPAL.jpg', 'Armorines : Project S.W.A.R.M', '1999-12-02', 1, 18, 1),
	(31, 'img/jeuxVideos/ArmyMenAirCombat.jpg', 'Army Men : Air Combat', '2000-07-19', 1, 19, 3),
	(32, 'img/jeuxVideos/ArmyMenSargesHeroesNTSC-U.jpg', 'Army Men : Sarge\'s Heroes', '1999-09-30', 1, 20, 3),
	(33, 'img/jeuxVideos/ArmyMenSargesHeroesPAL.jpg', 'Army Men : Sarge\'s Heroes', '2000-04-14', 1, 20, 1),
	(34, 'img/jeuxVideos/ArmyMenSargesHeroes2.jpg', 'Army Men : Sarge\'s Heroes 2', '2000-09-26', 1, 21, 3),
	(35, 'img/jeuxVideos/AsteroidsHyper64.jpg', 'Asteroids Hyper 64', '1999-12-15', 1, 22, 3),
	(36, 'img\\jeuxVideos\\AutomobiliLamborghiniNTSC-J.jpg', 'Super Speed Race 64', '1998-05-29', 1, 23, 2),
	(37, 'img/jeuxVideos/AutomobiliLamborghiniNTSC-U.jpg', 'Automobili Lamborghini', '1997-11-30', 1, 23, 3),
	(38, 'img\\jeuxVideos\\AutomobiliLamborghiniPAL.jpg', 'Automobili Lamborghini', '1997-12-01', 1, 23, 1),
	(39, 'img/jeuxVideos/BakushōJinsei64MezaseResortŌ.jpg', 'Bakushō Jinsei 64: Mezase! Resort Ō', '1998-12-24', 1, 24, 2),
	(40, 'img/jeuxVideos/BangaiO.jpg', 'Bangai-O', '1999-09-03', 1, 25, 2),
	(41, 'img/jeuxVideos/BanjoKazooieNTSC-J.jpg', 'Banjo Kazooie Adventure 1', '1998-12-05', 1, 26, 2),
	(42, 'img/jeuxVideos/BanjoKazooieNTSC-U.png', 'Banjo-Kazooie', '1998-06-30', 1, 26, 3),
	(43, 'img/jeuxVideos/BanjoKazooiePAL.jpg', 'Banjo-Kazooie', '1998-07-07', 1, 26, 1),
	(44, 'img/jeuxVideos/BanjoTooieNTSC-J.jpg', 'Banjo to Kazooie no Daibouken 2', '2000-11-27', 1, 27, 2),
	(45, 'img/jeuxVideos/BanjoTooieNTSC-U.jpg', 'Banjo-Tooie', '2000-11-19', 1, 27, 3),
	(46, 'img\\jeuxVideos\\BanjoTooiePAL.jpg', 'Banjo-Tooie', '2001-04-12', 1, 27, 1),
	(47, 'img/jeuxVideos/BassRushECOGEARPowerWormChampionshipNTSC-J.jpg', 'Bass Rush: ECOGEAR PowerWorm Championship', '2000-04-28', 1, 28, 2),
	(48, 'img/jeuxVideos/BassMasters2000.png', 'Bassmasters 2000', '1999-12-16', 1, 29, 3),
	(49, 'img/jeuxVideos/BatmanOfTheFutureReturnOfTheJokerNTSC-U.jpg', 'Batman Beyond: Return of the Joker', '2000-12-13', 1, 30, 3),
	(50, 'img/jeuxVideos/BatmanOfTheFutureReturnOfTheJokerPAL.jpg', 'Batman of the Future: Return of the Joker', '2001-01-19', 1, 30, 1),
	(51, 'img/jeuxVideos/BattleTanx.jpg', 'BattleTanx', '1998-12-29', 1, 31, 3),
	(52, 'img\\jeuxVideos\\BattleTanxGlobalAssaultNTSC-U.jpg', 'BattleTanx: Global Assault', '1999-08-31', 1, 32, 3),
	(53, 'img/jeuxVideos/BattleTanxGlobalAssaultPAL.jpg', 'BattleTanx: Global Assault', '2000-04-01', 1, 32, 1),
	(54, 'img/jeuxVideos/BattleZoneRiseOfTheBlackDogs.jpg', 'BattleZone : Rise of the Black Dogs', '2000-03-01', 1, 33, 3),
	(55, 'img/jeuxVideos/BeetleAdventureRacingNTSC-U.PNG', 'Beetle Adventure Racing', '1999-02-28', 1, 34, 3),
	(56, 'img/jeuxVideos/BeetleAdventureRacingPAL.jpg', 'Beetle Adventure Racing', '1999-09-04', 1, 34, 1),
	(57, 'img\\jeuxVideos\\BigMountain2000NTSC-J.jpg', 'Snow Speeder', '1998-12-26', 1, 35, 2),
	(58, 'img/jeuxVideos/BigMountain2000NTSC-U.png', 'Big Mountain 2000', '2000-10-10', 1, 35, 3),
	(59, 'img\\jeuxVideos\\BioFreaksNTSC-U.png', 'Bio Freaks', '1998-05-31', 1, 36, 3),
	(60, 'img\\jeuxVideos\\BioFreaksPAL.jpg', 'Bio Freaks', '1998-09-01', 1, 36, 1),
	(61, 'img\\jeuxVideos\\BlastCorpsNTSC-J.jpg', 'Blast Dozer', '1997-03-21', 1, 37, 2),
	(62, 'img\\jeuxVideos\\BlastCorpsNTSC-U.jpg', 'Blast Corps', '1997-03-26', 1, 37, 3),
	(63, 'img\\jeuxVideos\\BlastCorpsPAL.jpg', 'Blast Corps', '1997-12-22', 1, 37, 1),
	(64, 'img\\jeuxVideos\\BluesBrothers2000NTSC-U.png', 'Blues Brothers 2000', '2000-11-17', 1, 38, 3),
	(65, 'img\\jeuxVideos\\BluesBrothers2000PAL.jpg', 'Blues Brothers 2000', '2000-10-13', 1, 38, 1),
	(66, 'img\\jeuxVideos\\BodyHarvestNTSC-U.jpg', 'Body Harvest', '1998-09-30', 1, 39, 3),
	(67, 'img\\jeuxVideos\\BodyHarvestPAL.jpg', 'Body Harvest', '1998-10-20', 1, 39, 1),
	(68, 'img\\jeuxVideos\\Bomberman64NTSC-J.jpg', 'Baku Bomberman', '1997-09-26', 1, 40, 2),
	(69, 'img\\jeuxVideos\\Bomberman64NTSC-U.jpg', 'Bomberman 64', '1997-11-30', 1, 40, 3),
	(70, 'img\\jeuxVideos\\Bomberman64PAL.jpg', 'Bomberman 64', '1997-11-01', 1, 40, 1),
	(71, 'img\\jeuxVideos\\Bomberman64TheSecondAttackNTSC-J.jpg', 'Baku Bomberman 2', '1999-12-03', 1, 41, 2),
	(72, 'img\\jeuxVideos\\Bomberman64TheSecondAttackNTSC-U.jpg', 'Bomberman 64 : The Second Attack', '2000-05-28', 1, 41, 3),
	(73, 'img\\jeuxVideos\\Bomberman64ArcadeEdition.jpg', 'Bomberman 64 Arcade Edition', '2001-12-20', 1, 42, 2),
	(74, 'img\\jeuxVideos\\BombermanHeroNTSC-J.jpg', 'Bonbāman Hīrō ~Mirian-Ōjo o Sukue!~', '1998-04-30', 1, 43, 2),
	(75, 'img\\jeuxVideos\\BombermanHeroNTSC-U.jpg', 'Bomberman Hero', '1998-09-01', 1, 43, 3),
	(76, 'img\\jeuxVideos\\BombermanHeroPAL.jpg', 'Bomberman Hero', '1998-10-01', 1, 43, 1),
	(77, 'img\\jeuxVideos\\BottomOfThe9th.png', 'Bottom Of The 9th', '1999-04-14', 1, 44, 3),
	(78, 'img\\jeuxVideos\\BrunswickCircuitProBowling.jpg', 'Brunswick Circuit Pro Bowling', '1999-12-23', 1, 45, 3),
	(79, 'img\\jeuxVideos\\BuckBumbleNTSC-J.png', 'Buck Bumble', '1998-12-18', 1, 46, 2),
	(80, 'img\\jeuxVideos\\BuckBumbleNTSC-U.jpg', 'Buck Bumble', '1998-09-30', 1, 46, 3),
	(81, 'img\\jeuxVideos\\BuckBumblePAL.jpg', 'Buck Bumble', '1998-12-18', 1, 46, 1),
	(82, 'img\\jeuxVideos\\BustAMove2ArcadeEditionNTSC-U.png', 'Bust a Move 2 Arcade Edition', '1998-04-20', 1, 47, 3),
	(83, 'img\\jeuxVideos\\BustAMove2ArcadeEditionPAL.jpg', 'Bust a Move 2 Arcade Edition', '1998-01-01', 1, 47, 1),
	(84, 'img\\jeuxVideos\\BustAMove3DXPAL.jpg', 'Bust a Move 3 DX', '1998-11-01', 1, 48, 1),
	(85, 'img\\jeuxVideos\\BustAMove3DXNTSC-J.jpg', 'Puzzle Bobble 64', '1999-03-05', 1, 48, 2),
	(86, 'img\\jeuxVideos\\BustAMove3DXNTSC-U.jpg', 'Bust-A-Move 99', '1999-04-30', 1, 48, 3),
	(87, 'img\\jeuxVideos\\CaliforniaSpeed.jpg', 'California Speed', '1999-03-16', 1, 49, 3),
	(88, 'img\\jeuxVideos\\Carmageddon64NTSC-U.jpg', 'Carmageddon 64', '2000-02-11', 1, 50, 3),
	(89, 'img\\jeuxVideos\\Carmageddon64PAL.jpg', 'Carmageddon 64', '1999-12-05', 1, 50, 1),
	(90, 'img\\jeuxVideos\\castlevaniaNTSC-J.jpg', 'Akumajou Dracula Mokushiroku', '1999-03-11', 1, 51, 2),
	(91, 'img\\jeuxVideos\\castlevaniaNTSC-U.jpg', 'Castlevania', '1999-01-26', 1, 51, 3),
	(92, 'img\\jeuxVideos\\castlevaniaPAL.jpg', 'Castlevania', '1999-05-14', 1, 51, 1),
	(93, 'img\\jeuxVideos\\CastlevaniaLegacyOfDarknessNTSC-J.jpg', 'Akumajō Dorakyura Mokushiroku Gaiden Rejendo obu Kōneru', '1999-12-25', 1, 52, 2),
	(94, 'img\\jeuxVideos\\CastlevaniaLegacyOfDarknessNTSC-U.jpg', 'Castlevania : Legacy of Darkness', '1999-11-30', 1, 52, 3),
	(95, 'img\\jeuxVideos\\CastlevaniaLegacyOfDarknessPAL.jpg', 'Castlevania : Legacy of Darkness', '2000-03-03', 1, 52, 1),
	(96, 'img\\jeuxVideos\\CentreCourtTennisPAL.jpg', 'centre court tennis', '1999-01-01', 1, 53, 1),
	(97, 'img\\jeuxVideos\\CentreCourtTennisNTSC-J.jpg', 'Let\'s Smash Tennis', '1998-10-09', 1, 53, 2),
	(98, 'img\\jeuxVideos\\ChōkūkanNightProYakyūKing.jpg', 'Chōkūkan Night Pro Yakyū King', '1996-12-20', 1, 54, 2),
	(99, 'img\\jeuxVideos\\ChōkūkanNightProYakyūKing2.jpg', 'Chōkūkan Night: Pro Yakyū King 2', '1999-03-19', 1, 55, 2),
	(100, 'img\\jeuxVideos\\ChameleonTwistNTSC-J.jpg', 'Chameleon Twist', '1997-12-12', 1, 56, 2),
	(101, 'img\\jeuxVideos\\ChameleonTwistNTSC-U.jpg', 'Chameleon Twist', '1997-11-30', 1, 56, 3),
	(102, 'img\\jeuxVideos\\ChameleonTwistPAL.jpg', 'Chameleon Twist', '1997-12-06', 1, 56, 1),
	(103, 'img\\jeuxVideos\\ChameleonTwist2NTSC-J.jpg', 'Chameleon Twist 2', '1998-12-25', 1, 57, 2),
	(104, 'img\\jeuxVideos\\ChameleonTwist2NTSC-U.jpg', 'Chameleon Twist 2', '1999-04-14', 1, 57, 3),
	(105, 'img\\jeuxVideos\\ChameleonTwist2PAL.jpg', 'Chameleon Twist 2', '1999-01-01', 1, 57, 1),
	(106, 'img\\jeuxVideos\\CharlieBlastsTerritoryNTSC-U.jpg', 'Charlie Blast\'s Territory', '1999-04-30', 1, 58, 3),
	(107, 'img\\jeuxVideos\\CharlieBlastsTerritoryPAL.jpg', 'Charlie Blast\'s Territory', '1999-04-30', 1, 58, 1),
	(108, 'img\\jeuxVideos\\ChopperAttackNTSC-J.jpg', 'Wild Choppers', '1997-11-28', 1, 59, 2),
	(109, 'img\\jeuxVideos\\ChopperAttackNTSC-U.jpg', 'Chopper Attack', '1998-06-17', 1, 59, 3),
	(110, 'img\\jeuxVideos\\ChopperAttackPAL.jpg', 'Chopper Attack', '1998-09-01', 1, 59, 1),
	(111, 'img\\jeuxVideos\\ChoroQ642HachamechaGrandPrixRace.jpg', 'Choro Q 64 2: Hachamecha Grand Prix Race', '1999-12-24', 1, 60, 2),
	(112, 'img\\jeuxVideos\\ClayFighter63NTSC-U.jpg', 'Clay Fighter 63 1/3', '1997-10-23', 1, 61, 3),
	(113, 'img\\jeuxVideos\\ClayFighter63PAL.jpg', 'Clay Fighter 63 1/3', '1997-11-19', 1, 61, 1),
	(114, 'img\\jeuxVideos\\ClayFighter63SculptorsCut.jpg', 'Clay Fighter 63 1/3 : Sculptor\'s Cut', '1998-05-15', 1, 62, 3),
	(115, 'img\\jeuxVideos\\CommandAndConquerNTSC-U.jpg', 'Command And Conquer', '1999-05-31', 1, 63, 3),
	(116, 'img\\jeuxVideos\\CommandAndConquerPAL.jpg', 'Command And Conquer', '1999-07-30', 1, 63, 1),
	(117, 'img\\jeuxVideos\\ConkersBadFurDayNTSC-U.jpg', 'Conker\'s Bad Fur Day', '2001-03-05', 1, 64, 3),
	(118, 'img\\jeuxVideos\\ConkersBadFurDayPAL.jpg', 'Conker\'s Bad Fur Day', '2001-04-13', 1, 64, 1),
	(119, 'img\\jeuxVideos\\CoupeDuMonde98NTSC-U.jpg', 'World Cup 98', '1998-05-18', 1, 65, 3),
	(120, 'img\\jeuxVideos\\CoupeDuMonde98PAL.jpg', 'Coupe du Monde 98', '1998-05-18', 1, 65, 1),
	(121, 'img\\jeuxVideos\\CruisnExoticaNTSC-U.jpg', 'Cruis\'n Exotica', '2000-10-17', 1, 66, 3),
	(122, 'img\\jeuxVideos\\CruisnUSANTSC_U.jpg', 'Cruis\'n USA', '1996-12-03', 1, 67, 3),
	(123, 'img\\jeuxVideos\\CruisnUSAPAL.jpg', 'Cruis\'n USA', '1998-01-29', 1, 67, 1),
	(124, 'img\\jeuxVideos\\CruisnWorldNTSC-U.jpg', 'Cruis\'n World', '1998-09-26', 1, 68, 3),
	(125, 'img\\jeuxVideos\\CruisnWorldPAL.jpg', 'Cruis\'n World', '1998-06-25', 1, 68, 1),
	(126, 'img\\jeuxVideos\\CustomRobo.jpg', 'Custom Robo', '1999-12-08', 1, 69, 2),
	(127, 'img\\jeuxVideos\\CustomRoboV2.jpg', 'Custom Robo V2', '2000-11-10', 1, 70, 2),
	(128, 'img\\jeuxVideos\\CyberTigerNTSC-U.jpg', 'Cyber Tiger', '2000-02-29', 1, 71, 3),
	(129, 'img\\jeuxVideos\\CyberTigerPAL.jpg', 'Cyber Tiger', '2000-05-05', 1, 71, 1),
	(130, 'img\\jeuxVideos\\DōbutsuNoMori.jpg', 'Dōbutsu no Mori', '2001-04-14', 1, 72, 2),
	(131, 'img\\jeuxVideos\\DaffyDuckDansLeRoleDeDuckDodgersNTSC-U.jpg', 'Duck Dodgers Starring Daffy Duck', '2000-11-17', 1, 73, 3),
	(132, 'img\\jeuxVideos\\DaffyDuckDansLeRoleDeDuckDodgersPAL.jpg', 'Daffy Duck Dans Le Role De Duck Dodgers', '2000-11-15', 1, 73, 1),
	(133, 'img\\jeuxVideos\\DaikatanaNTSC-J.jpg', 'Daikatana', '2000-04-07', 1, 74, 2),
	(134, 'img\\jeuxVideos\\DaikatanaNTSC-U.jpg', 'Daikatana', '2000-07-31', 1, 74, 3),
	(135, 'img\\jeuxVideos\\DaikatanaPAL.jpg', 'Daikatana', '2000-05-26', 1, 74, 1),
	(136, 'img\\jeuxVideos\\DanceDanceRevolutionDisneyDancingMuseum.png', 'Dance Dance Revolution : Disney Dancing Museum', '2000-11-30', 1, 75, 2),
	(137, 'img\\jeuxVideos\\DarkRiftNTSC-J.jpg', 'Space Dynamites', '1998-03-27', 1, 76, 2),
	(138, 'img\\jeuxVideos\\DarkRiftNTSC-U.jpg', 'Dark Rift', '1997-06-30', 1, 76, 3),
	(139, 'img\\jeuxVideos\\DarkRiftPAL.jpg', 'Dark Rift', '1997-07-30', 1, 76, 1),
	(140, 'img\\jeuxVideos\\DeadlyArtsNTSC-J.jpg', 'GASP!! Fighters\' NEXTream', '1998-03-26', 1, 77, 2),
	(141, 'img\\jeuxVideos\\DeadlyArtsNTSC-U.jpg', 'Deadly Arts', '1998-10-07', 1, 77, 3),
	(142, 'img\\jeuxVideos\\DeadlyArtsPAL.jpg', 'GASP!! Fighters\' NEXTream', '1998-09-01', 1, 77, 1),
	(143, 'img\\jeuxVideos\\DenshaDeGo64.jpg', 'Densha de Go! 64', '1999-07-30', 1, 78, 2),
	(144, 'img\\jeuxVideos\\DerbyStallion64.jpg', 'Derby Stallion 64', '2001-08-10', 1, 79, 2),
	(145, 'img\\jeuxVideos\\DestructionDerby64NTSC-U.jpg', 'Destruction Derby 64', '1999-09-30', 1, 80, 3),
	(146, 'img\\jeuxVideos\\DestructionDerby64PAL.jpg', 'Destruction Derby 64', '1999-10-12', 1, 80, 1),
	(147, 'img\\jeuxVideos\\Dezaemon3D.jpg', 'Dezaemon 3D', '1998-06-26', 1, 81, 2),
	(148, 'img\\jeuxVideos\\DiddyKongRacingNTSC-J.jpg', 'Diddy Kong Racing', '1997-11-21', 1, 82, 2),
	(149, 'img\\jeuxVideos\\DiddyKongRacingNTSC-U.jpg', 'Diddy Kong Racing', '1997-11-24', 1, 82, 3),
	(150, 'img\\jeuxVideos\\DiddyKongRacingPAL.jpg', 'Diddy Kong Racing', '1997-11-27', 1, 82, 1),
	(151, 'img\\jeuxVideos\\DonaldDuckCouakAttackNTSC-U.jpg', 'Donald Duck: Goin\' Qu@ckers', '2000-12-20', 1, 83, 3),
	(152, 'img\\jeuxVideos\\DonaldDuckCouakAttackPAL.jpg', 'Donald Duck Cou@k Att@ck ?*!', '2000-12-08', 1, 83, 1),
	(153, 'img\\jeuxVideos\\DonkeyKong64NTSC-J.jpg', 'Donkey Kong 64', '1999-12-10', 1, 84, 2),
	(154, 'img\\jeuxVideos\\DonkeyKong64NTSC-U.jpg', 'Donkey Kong 64', '1999-11-22', 1, 84, 3),
	(155, 'img\\jeuxVideos\\DonkeyKong64PAL.jpg', 'Donkey Kong 64', '1999-12-06', 1, 84, 1),
	(156, 'img\\jeuxVideos\\Doom64NTSC-J.jpg', 'Doom 64', '1997-08-01', 1, 85, 2),
	(157, 'img\\jeuxVideos\\Doom64NTSC-U.jpg', 'Doom 64', '1997-03-31', 1, 85, 3),
	(158, 'img\\jeuxVideos\\Doom64PAL.jpg', 'Doom 64', '1997-12-02', 1, 85, 1),
	(159, 'img\\jeuxVideos\\Doraemon2NobitaToHikariNoShinden.jpg', 'Doraemon 2 : Nobita to Hikari no Shinden', '1998-12-11', 1, 86, 2),
	(160, 'img\\jeuxVideos\\Doraemon3NobitaNoMachiSOS.jpg', 'Doraemon 3: Nobita no Machi SOS!', '2000-07-28', 1, 87, 2),
	(161, 'img\\jeuxVideos\\DoraemonNobitaTo3TsuNoSeireiIshi.jpg', 'Doraemon: Nobita to 3-tsu no Seirei Ishi', '1997-03-21', 1, 88, 2),
	(162, 'img\\jeuxVideos\\DrMario64NTSC-U.jpg', 'Dr. Mario 64', '2001-04-09', 1, 89, 3),
	(163, 'img\\jeuxVideos\\DualHeroesNTSC-J.jpg', 'Dual Heroes', '1997-12-05', 1, 90, 2),
	(164, 'img\\jeuxVideos\\DualHeroesNTSC-U.jpg', 'Dual Heroes', '1998-10-31', 1, 90, 3),
	(165, 'img\\jeuxVideos\\DualHeroesPAL.jpg', 'Dual Heroes', '1998-04-12', 1, 90, 1),
	(166, 'img\\jeuxVideos\\DukeNukem64NTSC-U.jpg', 'Duke Nukem 64', '1997-11-16', 1, 91, 3),
	(167, 'img\\jeuxVideos\\DukeNukem64PAL.jpg', 'Duke Nukem 64', '1997-11-14', 1, 91, 1),
	(168, 'img\\jeuxVideos\\DukeNukemZeroHourNTSC-U.jpg', 'Duke Nukem : Zero Hour', '1999-08-01', 1, 92, 3),
	(169, 'img\\jeuxVideos\\DukeNukemZeroHourPAL.jpg', 'Duke Nukem : Zero Hour', '1999-09-30', 1, 92, 1),
	(170, 'img\\jeuxVideos\\EarthwormJim3DNTSC-U.jpg', 'Earthworm Jim 3D', '1999-10-31', 1, 93, 3),
	(171, 'img\\jeuxVideos\\EarthwormJim3DPAL.jpg', 'Earthworm Jim 3D', '1999-12-17', 1, 93, 1),
	(172, 'img\\jeuxVideos\\ECWHardcoreRevolutionNTSC-U.jpg', 'ECW Hardcore Revolution', '2000-02-17', 1, 94, 3),
	(173, 'img\\jeuxVideos\\ECWHardcoreRevolutionPAL.jpg', 'ECW Hardcore Revolution', '2000-03-03', 1, 94, 1),
	(174, 'img\\jeuxVideos\\EikōNoSaintAndrews.jpg', 'Eikō no Saint Andrews', '1997-11-29', 1, 95, 2),
	(175, 'img\\jeuxVideos\\Excitebike64NTSC-J.jpg', 'Excitebike 64', '2000-06-23', 1, 96, 2),
	(176, 'img\\jeuxVideos\\Excitebike64NTSC-U.jpg', 'Excitebike 64', '2000-04-30', 1, 96, 3),
	(177, 'img\\jeuxVideos\\Excitebike64PAL.jpg', 'Excitebike 64', '2001-06-08', 1, 96, 1),
	(178, 'img\\jeuxVideos\\ExtremeGNTSC-J.jpg', 'Extreme-G', '1998-05-29', 1, 97, 2),
	(179, 'img\\jeuxVideos\\ExtremeGNTSC-U.jpg', 'Extreme-G', '1997-09-30', 1, 97, 3),
	(180, 'img\\jeuxVideos\\ExtremeGPAL.jpg', 'Extreme-G', '1997-12-09', 1, 97, 1),
	(181, 'img\\jeuxVideos\\ExtremeGXG2NTSC-J.jpg', 'Extreme-G : XG2', '1999-01-01', 1, 98, 2),
	(182, 'img\\jeuxVideos\\ExtremeGXG2NTSC-U.jpg', 'Extreme-G : XG2', '1998-10-07', 1, 98, 3),
	(183, 'img\\jeuxVideos\\ExtremeGXG2PAL.jpg', 'Extreme-G : XG2', '1998-12-01', 1, 98, 1),
	(184, 'img\\jeuxVideos\\FūraiNoSiren2OniShūraiSirenjō.jpg', 'Fūrai no Siren 2: Oni Shūrai! Siren-jō!', '2000-09-27', 1, 99, 2),
	(185, 'img\\jeuxVideos\\FZeroXNTSC-J.jpg', 'F-Zero X', '1998-07-14', 1, 100, 2),
	(186, 'img\\jeuxVideos\\FZeroXNTSC-U.jpg', 'F-Zero X', '1998-10-26', 1, 100, 3),
	(187, 'img\\jeuxVideos\\FZeroXPAL.jpg', 'F-Zero X', '1998-11-06', 1, 100, 1),
	(188, 'img\\jeuxVideos\\F1PolePosition64NTSC-J.jpg', 'Human Grand Prix: The New Generation', '1997-03-28', 1, 101, 2),
	(189, 'img\\jeuxVideos\\F1PolePosition64NTSC-U.jpg', 'F1 Pole Position 64', '1997-09-30', 1, 101, 3),
	(190, 'img\\jeuxVideos\\F1PolePosition64PAL.jpg', 'F1 Pole Position 64', '1997-11-01', 1, 101, 1),
	(191, 'img\\jeuxVideos\\F1RacingChampionship.jpg', 'F1 Racing Championship', '2000-12-08', 1, 102, 1),
	(192, 'img\\jeuxVideos\\F1WorldGrandPrixNTSC-J.jpg', 'F1 World Grand Prix', '1998-12-18', 1, 103, 2),
	(193, 'img\\jeuxVideos\\F1WorldGrandPrixNTSC-U.png', 'F1 World Grand Prix', '1998-07-31', 1, 103, 3),
	(194, 'img\\jeuxVideos\\F1WorldGrandPrixPAL.jpg', 'F1 World Grand Prix', '1998-09-14', 1, 103, 1),
	(195, 'img\\jeuxVideos\\F1WorldGrandPrix2.png', 'F1 World Grand Prix 2', '1999-09-30', 1, 104, 1),
	(196, 'img\\jeuxVideos\\Famista64.jpg', 'Famista 64', '1997-11-28', 1, 105, 2),
	(197, 'img\\jeuxVideos\\FIFA64NTSC-U.jpg', 'FIFA Soccer 64', '1997-02-28', 1, 106, 3),
	(198, 'img\\jeuxVideos\\FIFA64PAL.jpg', 'FIFA 64', '1997-03-01', 1, 106, 1),
	(199, 'img\\jeuxVideos\\FIFARoadtoWorldCup98NTSC-J.jpg', 'FIFA: Road to World Cup 98', '1998-04-12', 1, 107, 2),
	(200, 'img\\jeuxVideos\\FIFARoadtoWorldCup98NTSC-U.jpg', 'FIFA: Road to World Cup 98', '1997-11-30', 1, 107, 3),
	(201, 'img\\jeuxVideos\\FIFARoadtoWorldCup98PAL.jpg', 'FIFA: Road to World Cup 98', '1997-12-20', 1, 107, 1),
	(202, 'img\\jeuxVideos\\FIFA99NTSC-U.jpg', 'FIFA 99', '1998-11-30', 1, 108, 3),
	(203, 'img\\jeuxVideos\\FIFA99PAL.jpg', 'FIFA 99', '1998-12-08', 1, 108, 1),
	(204, 'img\\jeuxVideos\\FightersDestinyNTSC-J.jpg', 'Fighting Cup', '1998-12-11', 1, 109, 2),
	(205, 'img\\jeuxVideos\\FightersDestinyNTSC-U.JPG', 'Fighters Destiny', '1998-01-31', 1, 109, 3),
	(206, 'img\\jeuxVideos\\FightersDestinyPAL.jpg', 'Fighters Destiny', '1998-03-01', 1, 109, 1),
	(207, 'img\\jeuxVideos\\FightersDestiny2NTSC-J.jpg', 'Fighter Destiny 2', '1999-08-27', 1, 110, 2),
	(208, 'img\\jeuxVideos\\FightersDestiny2NTSC-U.jpg', 'Fighter Destiny 2', '2000-07-14', 1, 110, 3),
	(209, 'img\\jeuxVideos\\FightingForce64NTSC-U.jpg', 'Fighting Force 64', '1999-04-30', 1, 111, 3),
	(210, 'img\\jeuxVideos\\FightingForce64PAL.jpg', 'Fighting Force 64', '1999-12-01', 1, 111, 1),
	(211, 'img\\jeuxVideos\\FlyingDragonNTSC-J.jpg', 'Hiryū no Ken Twin', '1997-12-18', 1, 112, 2),
	(212, 'img\\jeuxVideos\\FlyingDragonNTSC-U.jpg', 'Flying Dragon', '1998-07-31', 1, 112, 3),
	(213, 'img\\jeuxVideos\\FlyingDragonPAL.jpg', 'Flying Dragon', '1999-07-25', 1, 112, 1),
	(214, 'img\\jeuxVideos\\ForsakenNTSC-U.jpg', 'Forsaken', '1998-04-30', 1, 113, 3),
	(215, 'img\\jeuxVideos\\ForsakenPAL.jpg', 'Forsaken', '1998-05-01', 1, 113, 1),
	(216, 'img\\jeuxVideos\\FoxSportsCollegeHoops99.jpg', 'Fox Sports College Hoops 99', '1998-10-31', 1, 114, 3),
	(217, 'img\\jeuxVideos\\GauntletLegendsNTSC-J.jpg', 'Gauntlet Legends', '2000-04-07', 1, 115, 2),
	(218, 'img\\jeuxVideos\\GauntletLegendsNTSC-U.jpg', 'Gauntlet Legends', '1999-08-31', 1, 115, 3),
	(219, 'img\\jeuxVideos\\GauntletLegendsPAL.jpg', 'Gauntlet Legends', '1999-12-01', 1, 115, 1),
	(220, 'img\\jeuxVideos\\GetterLoveChoRenaiPartyGame.jpg', 'Getter Love!! Cho Renai Party Game', '1998-12-04', 1, 116, 2),
	(221, 'img\\jeuxVideos\\Gex3DeepCoverGeckoNTSC-U.jpg', 'Gex 3: Deep Cover Gecko', '1999-09-28', 1, 117, 3),
	(222, 'img\\jeuxVideos\\Gex3DeepCoverGeckoPAL.jpg', 'Gex 3: Deep Cover Gecko', '2000-07-24', 1, 117, 1),
	(223, 'img\\jeuxVideos\\Gex64EnterTheGeckoNTSC-U.jpg', 'Gex 64: Enter the Gecko', '1998-08-01', 1, 118, 3),
	(224, 'img\\jeuxVideos\\Gex64EnterTheGeckoPAL.jpg', 'Gex 64: Enter the Gecko', '1999-02-26', 1, 118, 1),
	(225, 'img\\jeuxVideos\\GloverNTSC-U.jpg', 'Glover', '1998-10-31', 1, 119, 3),
	(226, 'img\\jeuxVideos\\GloverPAL.jpg', 'Glover', '1998-11-04', 1, 119, 1),
	(227, 'img\\jeuxVideos\\GoemonMononokeSugoroku.jpg', 'Goemon Mononoke Sugoroku', '1999-12-25', 1, 120, 2),
	(228, 'img\\jeuxVideos\\GoldenNugget64.jpg', 'Golden Nugget 64', '1998-12-01', 1, 121, 3),
	(229, 'img\\jeuxVideos\\goldeneye007NTSC-J.jpg', 'GoldenEye 007', '1997-08-23', 1, 122, 2),
	(230, 'img\\jeuxVideos\\goldeneye007NTSC-U.jpg', 'GoldenEye 007', '1997-08-25', 1, 122, 3),
	(231, 'img\\jeuxVideos\\goldeneye007PAL.jpg', 'GoldenEye 007', '1997-08-25', 1, 122, 1),
	(232, 'img\\jeuxVideos\\GT64ChampionshipEditionNTSC-J.jpg', 'City Tour Grand Prix: Zen Nihon GT Senshuken', '1998-10-30', 1, 123, 2),
	(233, 'img\\jeuxVideos\\GT64ChampionshipEditionNTSC-U.jpg', 'GT 64: Championship Edition', '1998-08-31', 1, 123, 3),
	(234, 'img\\jeuxVideos\\GT64ChampionshipEditionPAL.jpg', 'GT 64: Championship Edition', '1998-04-14', 1, 123, 1),
	(235, 'img\\jeuxVideos\\HamsterMonogatari64.jpg', 'Hamster Monogatari 64', '2001-04-06', 1, 124, 2),
	(236, 'img\\jeuxVideos\\HarvestMoon64NTSC-J.jpg', 'Bokujō Monogatari 2', '1999-02-05', 1, 125, 2),
	(237, 'img\\jeuxVideos\\HarvestMoon64NTSC-U.jpg', 'Harvest Moon 64', '1999-12-22', 1, 125, 3),
	(238, 'img\\jeuxVideos\\HeiwaPachinkoWorld64.jpg', 'Heiwa Pachinko World 64', '1997-11-28', 1, 126, 2),
	(239, 'img\\jeuxVideos\\HerculesTheLegendaryJourneysNTSC-U.jpg', 'Hercules: The Legendary Journeys', '2000-11-16', 1, 127, 3),
	(240, 'img\\jeuxVideos\\HerculesTheLegendaryJourneysPAL.jpg', 'Hercules: The Legendary Journeys', '2000-10-13', 1, 127, 1),
	(241, 'img\\jeuxVideos\\HexenBeyondHereticNTSC-U.jpg', 'Hexen: Beyond Heretic', '1997-05-31', 1, 128, 3),
	(242, 'img\\jeuxVideos\\HexenBeyondHereticPAL.jpg', 'Hexen: Beyond Heretic', '1997-01-01', 1, 128, 1),
	(243, 'img\\jeuxVideos\\HeyYouPikachuNTSC-J.jpg', 'Hey You, Pikachu!', '1998-12-12', 1, 129, 2),
	(244, 'img\\jeuxVideos\\HeyYouPikachuNTSC-U.jpg', 'Hey You, Pikachu!', '2000-11-06', 1, 129, 3),
	(245, 'img\\jeuxVideos\\HolyMagicCenturyNTSC-J.jpg', 'Eltale Monsters', '1999-05-31', 1, 130, 2),
	(246, 'img\\jeuxVideos\\HolyMagicCenturyNTSC-U.jpg', 'Quest 64', '1998-06-11', 1, 130, 3),
	(247, 'img\\jeuxVideos\\HolyMagicCenturyPAL.jpg', 'Holy Magic Century', '1998-09-30', 1, 130, 1),
	(248, 'img\\jeuxVideos\\HotWheelsTurboRacingNTSC-U.jpg', 'Hot Wheels Turbo Racing', '1999-08-31', 1, 131, 3),
	(249, 'img\\jeuxVideos\\HotWheelsTurboRacingPAL.jpg', 'Hot Wheels Turbo Racing', '1999-05-11', 1, 131, 1),
	(250, 'img\\jeuxVideos\\HybridHeavenNTSC-J.jpg', 'Hybrid Heaven', '1999-08-05', 1, 132, 2),
	(251, 'img\\jeuxVideos\\HybridHeavenNTSC-U.jpg', 'Hybrid Heaven', '1999-08-31', 1, 132, 3),
	(252, 'img\\jeuxVideos\\HybridHeavenPAL.jpg', 'Hybrid Heaven', '1999-09-24', 1, 132, 1),
	(253, 'img\\jeuxVideos\\HydroThunderNTSC-U.jpg', 'Hydro Thunder', '2000-02-29', 1, 133, 3),
	(254, 'img\\jeuxVideos\\HydroThunderPAL.jpg', 'Hydro Thunder', '2000-05-14', 1, 133, 1),
	(255, 'img\\jeuxVideos\\IdeYōsukeNoMahjongJuku.jpg', 'Ide Yōsuke no Mahjong Juku', '2000-04-21', 1, 134, 2),
	(256, 'img\\jeuxVideos\\IggysReckinBallsNTSC-J.jpg', 'Iggy-kun no Bura 2 Poyon', '1998-08-28', 1, 135, 2),
	(257, 'img\\jeuxVideos\\IggysReckinBallsNTSC-U.jpg', 'Iggy\'s Reckin\' Balls', '1998-07-31', 1, 135, 3),
	(258, 'img\\jeuxVideos\\IggysReckinBallsPAL.jpg', 'Iggy\'s Reckin\' Balls', '1998-08-01', 1, 135, 1),
	(259, 'img\\jeuxVideos\\InFishermanBassHunter64NTSC-U.jpg', 'In-Fisherman Bass Hunter 64', '1999-07-30', 1, 136, 3),
	(260, 'img\\jeuxVideos\\InFishermanBassHunter64PAL.jpg', 'In-Fisherman Bass Hunter 64', '1999-10-22', 1, 136, 1),
	(261, 'img\\jeuxVideos\\IndianaJonesLaMachineInfernaleNTSC-U.jpg', 'Indiana Jones : La Machine Infernale', '2000-12-15', 1, 137, 3),
	(262, 'img\\jeuxVideos\\IndianaJonesLaMachineInfernalePAL.jpg', 'Indiana Jones et la Machine Infernale ', '2000-12-15', 1, 137, 1),
	(263, 'img\\jeuxVideos\\IndyRacing2000.JPG', 'Indy Racing 2000', '2000-06-09', 1, 138, 3),
	(264, 'img\\jeuxVideos\\InternationalSuperstarSoccer2000NTSC-J.jpg', 'Jikkyo J-League 1999: Perfect Striker 2', '1999-07-29', 1, 139, 2),
	(265, 'img\\jeuxVideos\\InternationalSuperstarSoccer2000NTSC-U.png', 'International Superstar Soccer 2000', '2000-08-03', 1, 139, 3),
	(266, 'img\\jeuxVideos\\InternationalSuperstarSoccer2000PAL.jpg', 'International Superstar Soccer 2000', '2000-09-29', 1, 139, 1),
	(267, 'img\\jeuxVideos\\InternationalSuperstarSoccer64NTSC-J.jpg', 'Jikkyou J.League Perfect Striker', '1996-12-20', 1, 140, 2),
	(268, 'img\\jeuxVideos\\InternationalSuperstarSoccer64NTSC-J2.jpg', 'Jikkyou World Soccer 3', '1997-09-18', 1, 140, 2),
	(269, 'img\\jeuxVideos\\InternationalSuperstarSoccer64NTSC-U.jpg', 'International Superstar Soccer 64', '1997-07-31', 1, 140, 3),
	(270, 'img\\jeuxVideos\\InternationalSuperstarSoccer64PAL.png', 'International Superstar Soccer 64', '1997-06-01', 1, 140, 1),
	(271, 'img\\jeuxVideos\\InternationalSuperstarSoccer98NTSC-J.jpg', 'Jikkyou World Soccer: World Cup France \'98 ', '1998-06-04', 1, 141, 2),
	(272, 'img\\jeuxVideos\\InternationalSuperstarSoccer98NTSC-U.jpg', 'International Superstar Soccer 98', '1998-09-15', 1, 141, 3),
	(273, 'img\\jeuxVideos\\InternationalSuperstarSoccer98PAL.jpg', 'International Superstar Soccer 98', '1998-09-01', 1, 141, 1),
	(274, 'img\\jeuxVideos\\InternationalTrackAndFieldSummerGamesNTSC-J.jpg', 'Ganbare! Nippon! Olympics 2000', '2000-07-13', 1, 142, 2),
	(275, 'img\\jeuxVideos\\InternationalTrackAndFieldSummerGamesNTSC-U.jpg', 'International Track and Field 2000', '2000-06-01', 1, 142, 3),
	(276, 'img\\jeuxVideos\\InternationalTrackAndFieldSummerGamesPAL.jpg', 'International Track and Field: Summer Games', '2000-09-06', 1, 142, 1),
	(277, 'img\\jeuxVideos\\ItoiShigesatoNoBassTsuriNo1.jpg', 'Itoi Shigesato no Bass Tsuri No. 1', '2001-03-31', 1, 143, 2),
	(278, 'img\\jeuxVideos\\JLeagueDynamiteSoccer64.jpg', 'J-League Dynamite Soccer 64', '1997-09-05', 1, 144, 2),
	(279, 'img\\jeuxVideos\\JLeagueElevenBeat1997.jpg', 'J-League Eleven Beat 1997', '1997-10-24', 1, 145, 2),
	(280, 'img\\jeuxVideos\\JLeagueTacticsSoccer.jpg', 'J-League Tactics Soccer', '1999-01-15', 1, 146, 2),
	(281, 'img\\jeuxVideos\\JLeagueLive64.jpg', 'J. League Live 64', '1997-03-28', 1, 147, 2),
	(282, 'img\\jeuxVideos\\JangōSimulationMahjongdō64.jpg', 'Jangō Simulation Mahjong-dō 64', '1997-07-25', 1, 148, 2),
	(283, 'img\\jeuxVideos\\Jeopardy.jpg', 'Jeopardy!', '1998-02-25', 1, 149, 3),
	(284, 'img\\jeuxVideos\\JeremyMcGrathSupercross2000NTSC-U.jpg', 'Jeremy McGrath Supercross 2000', '2000-02-29', 1, 150, 3),
	(285, 'img\\jeuxVideos\\JeremyMcGrathSupercross2000PAL.jpg', 'Jeremy McGrath Supercross 2000', '2000-01-01', 1, 150, 1),
	(286, 'img\\jeuxVideos\\JetForceGeminiNTSC-J.jpg', 'Star Twins', '1999-12-01', 1, 151, 2),
	(287, 'img\\jeuxVideos\\JetForceGeminiNTSC-U.jpg', 'Jet Force Gemini', '1999-10-14', 1, 151, 3),
	(288, 'img\\jeuxVideos\\JetForceGeminiPAL.jpg', 'Jet Force Gemini', '1999-11-02', 1, 151, 1),
	(289, 'img\\jeuxVideos\\JikkyōGIStable.jpg', 'Jikkyō GI Stable', '1999-04-28', 1, 152, 2),
	(290, 'img\\jeuxVideos\\JikkyōPowerfulProYakyū2000.jpg', 'Jikkyō Powerful Pro Yakyū 2000', '2000-04-29', 1, 153, 2),
	(291, 'img\\jeuxVideos\\JikkyōPowerfulProYakyū4.jpg', 'Jikkyō Powerful Pro Yakyū 4', '1997-03-14', 1, 154, 2),
	(292, 'img\\jeuxVideos\\JikkyōPowerfulProYakyū5.jpg', 'Jikkyō Powerful Pro Yakyū 5', '1998-03-26', 1, 155, 2),
	(293, 'img\\jeuxVideos\\JikkyōPowerfulProYakyū6.jpg', 'Jikkyō Powerful Pro Yakyū 6', '1999-03-25', 1, 156, 2),
	(294, 'img\\jeuxVideos\\JikkyōPowerfulProYakyūBasicban2001.jpg', 'Jikkyō Powerful Pro Yakyū Basic-ban 2001', '2001-03-29', 1, 157, 2),
	(295, 'img\\jeuxVideos\\JinseiGame64.jpg', 'Jinsei Game 64', '1999-03-19', 1, 158, 2),
	(296, 'img\\jeuxVideos\\KenGriffeyJrsSlugfest.jpg', 'Ken Griffey Jr\'s Slugfest', '1999-05-10', 1, 159, 3),
	(297, 'img\\jeuxVideos\\KillerInstinctGoldNTSC-U.jpg', 'Killer Instinct Gold', '1996-11-25', 1, 160, 3),
	(298, 'img\\jeuxVideos\\KillerInstinctGoldPAL.jpg', 'Killer Instinct Gold', '1997-05-09', 1, 160, 1),
	(299, 'img\\jeuxVideos\\KiratoKaiketsu64Tanteidan.jpg', 'Kira to Kaiketsu! 64 Tanteidan', '1998-10-23', 1, 161, 2),
	(300, 'img\\jeuxVideos\\Kirby64TheCrystalShardsNTSC-J.jpg', 'Hoshi no Kābī Rokujūyon', '2000-03-24', 1, 162, 2),
	(301, 'img\\jeuxVideos\\Kirby64TheCrystalShardsNTSC-U.jpg', 'Kirby 64: The Crystal Shards', '2000-06-26', 1, 162, 3),
	(302, 'img\\jeuxVideos\\Kirby64TheCrystalShardsPAL.jpg', 'Kirby 64 : The Crystal Shards', '2001-06-22', 1, 162, 1),
	(303, 'img\\jeuxVideos\\KnifeEdgeNoseGunnerNTSC-J.jpg', 'Knife Edge : Nose Gunner', '1998-11-27', 1, 163, 2),
	(304, 'img\\jeuxVideos\\KnifeEdgeNoseGunnerNTSC-U.jpg', 'Knife Edge : Nose Gunner', '1998-11-10', 1, 163, 3),
	(305, 'img\\jeuxVideos\\KnifeEdgeNoseGunnerPAL.jpg', 'Knife Edge : Nose Gunner', '1999-01-01', 1, 163, 1),
	(306, 'img\\jeuxVideos\\KnockoutKings2000NTSC-U.jpg', 'Knockout Kings 2000', '1999-10-03', 1, 164, 3),
	(307, 'img\\jeuxVideos\\KnockoutKings2000PAL.jpg', 'Knockout Kings 2000', '1999-10-10', 1, 164, 1),
	(308, 'img\\jeuxVideos\\KobeBryantInNBACourtsideNTSC-U.jpg', 'Kobe Bryant In NBA Courtside', '1998-04-27', 1, 165, 3),
	(309, 'img\\jeuxVideos\\KobeBryantInNBACourtsidePAL.jpg', 'Kobe Bryant In NBA Courtside', '1998-06-10', 1, 165, 1),
	(310, 'img\\jeuxVideos\\KuikiUhabiSuigou.jpg', 'Kuiki Uhabi Suigou', '1996-01-01', 1, 166, 2),
	(311, 'img\\jeuxVideos\\LastLegionUX.jpg', 'Last Legion UX', '1999-05-28', 1, 167, 2),
	(312, 'img\\jeuxVideos\\LegoRacersNTSC-U.jpg', 'Lego Racers', '1999-10-12', 1, 168, 3),
	(313, 'img\\jeuxVideos\\LegoRacersPAL.jpg', 'Lego Racers', '1999-10-31', 1, 168, 1),
	(314, 'img\\jeuxVideos\\LesRazmoketLaChasseAuxTrésorsNTSC-U.jpg', 'Rugrats: Scavenger Hunt', '1999-06-29', 1, 169, 3),
	(315, 'img\\jeuxVideos\\LesRazmoketLaChasseAuxTrésorsPAL.jpg', 'Les Razmoket : La Chasse aux Trésors', '1999-08-10', 1, 169, 1),
	(316, 'img\\jeuxVideos\\LesRazmoketAParisLeFilmNTSC-U.jpg', 'Rugrats in Paris: The Movie', '2000-11-12', 1, 170, 3),
	(317, 'img\\jeuxVideos\\LesRazmoketAParisLeFilmPAL.jpg', 'Les Razmoket a Paris: Le Film', '2001-03-30', 1, 170, 1),
	(318, 'img\\jeuxVideos\\LodeRunner3DNTSC-J.jpg', 'Lode Runner 3-D', '1999-07-30', 1, 171, 2),
	(319, 'img\\jeuxVideos\\LodeRunner3DNTSC-U.jpg', 'Lode Runner 3-D', '1999-03-26', 1, 171, 3),
	(320, 'img\\jeuxVideos\\LodeRunner3PAL.jpg', 'Lode Runner 3-D', '1999-01-01', 1, 171, 1),
	(321, 'img\\jeuxVideos\\LylatWarsNTSC-J.jpg', 'Star Fox 64', '1997-04-27', 1, 172, 2),
	(322, 'img\\jeuxVideos\\LylatWarsNTSC-U.jpg', 'Star Fox 64', '1997-06-30', 1, 172, 3),
	(323, 'img\\jeuxVideos\\LylatWarsPAL.jpg', 'Lylat Wars', '1997-10-06', 1, 172, 1),
	(324, 'img\\jeuxVideos\\MaceTheDarkAgeNTSC-U.jpg', 'Atari Games, Midway Games', '1997-10-01', 1, 173, 3),
	(325, 'img\\jeuxVideos\\MaceTheDarkAgePAL.jpg', 'Mace: The Dark Age', '1997-12-01', 1, 173, 1),
	(326, 'img\\jeuxVideos\\MaddenFootball64NTSC-U.png', 'Madden Football 64', '1997-10-31', 1, 174, 3),
	(327, 'img\\jeuxVideos\\MaddenFootball64PAL.jpg', 'Madden Football 64', '1997-12-01', 1, 174, 1),
	(328, 'img\\jeuxVideos\\MaddenNFL2000.jpg', 'Madden NFL 2000', '1999-08-31', 1, 175, 3),
	(329, 'img\\jeuxVideos\\MaddenNFL2001.jpg', 'Madden NFL 2001', '2000-08-28', 1, 176, 3),
	(330, 'img\\jeuxVideos\\MaddenNFL2002.jpg', 'Madden NFL 2002', '2001-09-12', 1, 177, 3),
	(331, 'img\\jeuxVideos\\MaddenNFL99NTSC-U.jpg', 'Madden NFL 99', '1998-09-01', 1, 178, 3),
	(332, 'img\\jeuxVideos\\MaddenNFL99PAL.jpg', 'Madden NFL 99', '1999-01-01', 1, 178, 1),
	(333, 'img\\jeuxVideos\\MagicalTetrisChallengeNTSC-J.jpg', 'Magical Tetris Challenge', '1998-11-20', 1, 179, 2),
	(334, 'img\\jeuxVideos\\MagicalTetrisChallengeNTSC-U.jpg', 'Magical Tetris Challenge', '1999-01-14', 1, 179, 3),
	(335, 'img\\jeuxVideos\\MagicalTetrisChallengePAL.jpg', 'Magical Tetris Challenge', '1999-09-01', 1, 179, 1),
	(336, 'img\\jeuxVideos\\Mahjong64.jpg', 'Mahjong 64', '1997-04-04', 1, 180, 2),
	(337, 'img\\jeuxVideos\\MahjongHōrōkiClassic.jpg', 'Mahjong Hōrōki Classic', '1997-08-01', 1, 181, 2),
	(338, 'img\\jeuxVideos\\MahjongMaster.jpg', 'Mahjong Master', '1996-12-20', 1, 182, 2),
	(339, 'img\\jeuxVideos\\MajorLeagueBaseballFeaturingKenGriffeyJr.png', 'Major League Baseball Featuring Ken Griffey Jr', '1998-05-31', 1, 183, 3),
	(340, 'img\\jeuxVideos\\MarioGolfNTSC-J.jpg', 'Mario Golf 64', '1999-06-11', 1, 184, 2),
	(341, 'img\\jeuxVideos\\MarioGolfNTSC-U.jpg', 'Mario Golf', '1999-07-26', 1, 184, 3),
	(342, 'img\\jeuxVideos\\MarioGolfPAL.jpg', 'Mario Golf', '1999-09-14', 1, 184, 1),
	(343, 'img\\jeuxVideos\\MarioKart64NTSC-J.jpg', 'Mario Kart 64', '1996-12-14', 1, 185, 2),
	(344, 'img\\jeuxVideos\\MarioKart64NTSC-U.png', 'Mario Kart 64', '1997-02-10', 1, 185, 3),
	(345, 'img\\jeuxVideos\\MarioKart64PAL.jpg', 'Mario Kart 64', '1997-06-24', 1, 185, 1),
	(346, 'img\\jeuxVideos\\MarioNoPhotopi.jpeg', 'Mario no Photopi', '1998-12-04', 1, 186, 2),
	(347, 'img\\jeuxVideos\\MarioPartyNTSC-J.jpg', 'Mario Party', '1998-12-18', 1, 187, 2),
	(348, 'img\\jeuxVideos\\MarioPartyNTSC-U.jpg', 'Mario Party', '1999-02-08', 1, 187, 3),
	(349, 'img\\jeuxVideos\\MarioPartyPAL.jpg', 'Mario Party', '1999-03-11', 1, 187, 1),
	(350, 'img\\jeuxVideos\\MarioParty2NTSC-J.jpg', 'Mario Party 2', '1999-12-17', 1, 188, 2),
	(351, 'img\\jeuxVideos\\MarioParty2NTSC-U.jpg', 'Mario Party 2', '2000-01-24', 1, 188, 3),
	(352, 'img\\jeuxVideos\\MarioParty2PAL.jpg', 'Mario Party 2', '2000-10-12', 1, 188, 1),
	(353, 'img\\jeuxVideos\\MarioParty3NTSC-J.jpg', 'Mario Party 3', '2000-12-07', 1, 189, 2),
	(354, 'img\\jeuxVideos\\MarioParty3NTSC-U.jpg', 'Mario Party 3', '2001-05-07', 1, 189, 3),
	(355, 'img\\jeuxVideos\\MarioParty3PAL.jpg', 'Mario Party 3', '2001-11-03', 1, 189, 1),
	(356, 'img\\jeuxVideos\\MarioTennisNTSC-J.jpg', 'Mario Tennis 64', '2000-07-21', 1, 190, 2),
	(357, 'img\\jeuxVideos\\MarioTennisNTSC-U.jpg', 'Mario Tennis', '2000-08-28', 1, 190, 3),
	(358, 'img\\jeuxVideos\\MarioTennisPAL.jpg', 'Mario Tennis', '2000-11-03', 1, 190, 1),
	(359, 'img\\jeuxVideos\\Masters98HarukaNaruAugusta.jpg', 'Masters \'98: Haruka Naru Augusta', '1997-12-26', 1, 191, 2),
	(360, 'img\\jeuxVideos\\MegaMan64NTSC-J.jpg', 'RockMan DASH: Hagane no Bōkenshin', '2000-11-22', 1, 192, 2),
	(361, 'img\\jeuxVideos\\MegaMan64NTSC-U.jpg', 'Mega Man 64', '2001-01-10', 1, 192, 3),
	(362, 'img\\jeuxVideos\\MickeysSpeedwayUSANTSC-J.jpg', 'Mickey\'s Speedway USA', '2001-01-21', 1, 193, 2),
	(363, 'img\\jeuxVideos\\MickeysSpeedwayUSANTSC-U.jpg', 'Mickey\'s Speedway USA', '2000-11-13', 1, 193, 3),
	(364, 'img\\jeuxVideos\\MickeysSpeedwayUSAPAL.jpg', 'Mickey\'s Speedway USA', '2000-12-01', 1, 193, 1),
	(365, 'img\\jeuxVideos\\MicroMachines64TurboNTSC-U.jpg', 'Micro Machines 64 Turbo', '1999-03-24', 1, 194, 3),
	(366, 'img\\jeuxVideos\\MicroMachines64TurboPAL.jpg', 'Micro Machines 64 Turbo', '1999-04-30', 1, 194, 1),
	(367, 'img\\jeuxVideos\\MidwaysGreatestArcadeHitsVolume1.jpg', 'Midway\'s Greatest Arcade Hits Volume 1', '2000-11-14', 1, 195, 3),
	(368, 'img\\jeuxVideos\\MikePiazzasStrikeZone.jpg', 'Mike Piazza\'s Strike Zone', '1998-06-16', 1, 196, 3),
	(369, 'img\\jeuxVideos\\MilosAstroLanesNTSC-U.JPG', 'Milo\'s Astro Lanes', '1998-11-24', 1, 197, 3),
	(370, 'img\\jeuxVideos\\MilosAstroLanesPAL.jpg', 'Milo\'s Astro Lanes', '1999-07-25', 1, 197, 1),
	(371, 'img\\jeuxVideos\\MischiefMakersNTSC-J.jpg', 'Yuke-Yuke Trouble Makers', '1997-06-27', 1, 198, 2),
	(372, 'img\\jeuxVideos\\MischiefMakersNTSC-U.jpg', 'Mischief Makers', '1997-10-01', 1, 198, 3),
	(373, 'img\\jeuxVideos\\MischiefMakersPAL.jpg', 'Mischief Makers', '1998-01-15', 1, 198, 1),
	(374, 'img\\jeuxVideos\\MissionImpossibleExpectTheImpossibleNTSC-U.jpg', 'Mission : Impossible - "Expect The Impossible"', '1998-07-18', 1, 199, 3),
	(375, 'img\\jeuxVideos\\MissionImpossibleExpectTheImpossiblePAL.jpg', 'Mission : Impossible - "Expect The Impossible"', '1998-09-25', 1, 199, 1),
	(376, 'img\\jeuxVideos\\MonacoGrandPrixNTSC-U.jpg', 'Monaco Grand Prix', '1999-09-01', 1, 200, 3),
	(377, 'img\\jeuxVideos\\MonacoGrandPrixPAL.jpg', 'Racing Simulation: Monaco Grand Prix', '1999-06-01', 1, 200, 1),
	(378, 'img\\jeuxVideos\\Monopoly.jpg', 'Monopoly', '1999-12-18', 1, 201, 3),
	(379, 'img\\jeuxVideos\\MonsterTruckMadness64NTSC-U.jpg', 'Monster Truck Madness 64', '1999-07-30', 1, 202, 3),
	(380, 'img\\jeuxVideos\\MonsterTruckMadness64PAL.jpg', 'Monster Truck Madness 64', '1999-10-29', 1, 202, 1),
	(381, 'img\\jeuxVideos\\MoritaShogi64.jpg', 'Morita Shogi 64', '1998-04-03', 1, 203, 2),
	(382, 'img\\jeuxVideos\\MortalKombat4NTSC-U.jpg', 'Mortal Kombat 4', '1998-06-23', 1, 204, 3),
	(383, 'img\\jeuxVideos\\MortalKombat4PAL.jpg', 'Mortal Kombat 4', '1998-09-15', 1, 204, 1),
	(384, 'img\\jeuxVideos\\MortalKombatMythologiesSubZeroNTSC-U.jpg', 'Mortal Kombat Mythologies Sub-Zero', '1997-10-01', 1, 205, 3),
	(385, 'img\\jeuxVideos\\MortalKombatMythologiesSubZeroPAL.jpg', 'Mortal Kombat Mythologies Sub-Zero', '1998-02-12', 1, 205, 1),
	(386, 'img\\jeuxVideos\\MortalKombatTrilogyNTSC-U.jpg', 'Mortal Kombat Trilogy', '1996-11-11', 1, 206, 3),
	(387, 'img\\jeuxVideos\\MortalKombatTrilogyPAL.jpg', 'Mortal Kombat Trilogy', '1997-03-14', 1, 206, 1),
	(388, 'img\\jeuxVideos\\MsPacManMazeMadnessNTSC-U.jpg', 'Ms. Pac-Man Maze Madness', '2000-11-12', 1, 207, 3),
	(389, 'img\\jeuxVideos\\MultiRacingChampionshipNTSC-J.jpg', 'MRC: Multi-Racing Championship', '1997-07-18', 1, 208, 2),
	(390, 'img\\jeuxVideos\\MultiRacingChampionshipNTSC-U.jpg', 'MRC: Multi-Racing Championship', '1997-08-31', 1, 208, 3),
	(391, 'img\\jeuxVideos\\MultiRacingChampionshipPAL.jpg', 'MRC: Multi-Racing Championship', '1997-10-01', 1, 208, 1),
	(392, 'img\\jeuxVideos\\MysteryDungeonShirenTheWanderer2.png', 'Mystery Dungeon: Shiren the Wanderer 2', '2000-09-27', 1, 209, 2),
	(393, 'img\\jeuxVideos\\MysticalNinja2StarringGoemonNTSC-J.webp', 'Ganbare Goemon ~Dero-dero Dōchū Obake Tenko Mori~', '1998-12-23', 1, 210, 2),
	(394, 'img\\jeuxVideos\\MysticalNinja2StarringGoemonNTSC-U.jpg', 'Goemon\'s Great Adventure', '1999-09-22', 1, 210, 3),
	(395, 'img\\jeuxVideos\\MysticalNinja2StarringGoemonPAL.jpg', 'Mystical Ninja 2: starring Goemon', '1999-06-18', 1, 210, 1),
	(396, 'img\\jeuxVideos\\MysticalNinjaStarringGoemonNTSC-J.jpg', 'Ganbare Goemon ~Dance of the Neo Peach Mountain Shogunate~', '1997-08-07', 1, 211, 2),
	(397, 'img\\jeuxVideos\\MysticalNinjaStarringGoemonNTSC-U.jpg', 'Mystical Ninja: starring Goemon', '1998-04-16', 1, 211, 3),
	(398, 'img\\jeuxVideos\\MysticalNinjaStarringGoemonPAL.jpg', 'Mystical Ninja: Starring Goemon', '1998-05-01', 1, 211, 1),
	(399, 'img\\jeuxVideos\\NaganoWinterOlympics98NTSC-J.jpg', 'Hyper Olympics in Nagano', '1997-12-18', 1, 212, 2),
	(400, 'img\\jeuxVideos\\NaganoWinterOlympics98NTSC-U.jpg', 'Nagano Winter Olympics \'98', '1998-01-10', 1, 212, 3),
	(401, 'img\\jeuxVideos\\NaganoWinterOlympics98PAL.jpg', 'Nagano Winter Olympics \'98', '1998-02-01', 1, 212, 1),
	(402, 'img\\jeuxVideos\\NaganoOlympicHockey98NTSC-J.jpg', 'Olympic Hockey Nagano \'98', '1998-07-16', 1, 213, 2),
	(403, 'img\\jeuxVideos\\NaganoOlympicHockey98NTSC-U.jpg', 'Olympic Hockey 98', '1998-02-23', 1, 213, 3),
	(404, 'img\\jeuxVideos\\NaganoOlympicHockey98PAL.jpg', 'Olympic Hockey 98', '1998-04-01', 1, 213, 1),
	(405, 'img\\jeuxVideos\\NamcoMuseum64.jpg', 'Namco Museum 64', '1999-10-31', 1, 214, 3),
	(406, 'img\\jeuxVideos\\Nascar2000.jpg', 'Nascar 2000', '1999-09-30', 1, 215, 3),
	(407, 'img\\jeuxVideos\\Nascar99NTSC-U.jpg', 'Nascar 99', '1998-09-11', 1, 216, 3),
	(408, 'img\\jeuxVideos\\Nascar99PAL.jpg', 'Nascar 99', '1998-11-01', 1, 216, 1),
	(409, 'img\\jeuxVideos\\NBACourtside2featuringKobeBryant.jpg', 'NBA Courtside 2: Featuring Kobe Bryant', '1999-11-08', 1, 217, 3),
	(410, 'img\\jeuxVideos\\NBAHangTimeNTSC-U.jpg', 'NBA Hang Time', '1997-01-17', 1, 218, 3),
	(411, 'img\\jeuxVideos\\NBAHangTimePAL.jpg', 'NBA Hang Time', '1997-09-01', 1, 218, 1),
	(412, 'img\\jeuxVideos\\NBAInTheZone2000NTSC-U.jpg', 'NBA in the Zone 2000', '2000-02-18', 1, 219, 3),
	(413, 'img\\jeuxVideos\\NBAInTheZone2000PAL.jpg', 'NBA in the Zone 2000', '2000-05-01', 1, 219, 1),
	(414, 'img\\jeuxVideos\\NBAJam2000NTSC-U.jpg', 'NBA Jam 2000', '1999-10-31', 1, 220, 3),
	(415, 'img\\jeuxVideos\\NBAJam2000PAL.jpg', 'NBA Jam 2000', '2000-01-21', 1, 220, 1),
	(416, 'img\\jeuxVideos\\NBAJam99NTSC-U.jpg', 'NBA Jam 99', '1998-12-04', 1, 221, 3),
	(417, 'img\\jeuxVideos\\NBAJam99PAL.JPG', 'NBA Jam 99', '1998-12-01', 1, 221, 1),
	(418, 'img\\jeuxVideos\\NBALive2000NTSC-U.jpg', 'NBA Live 2000', '1999-10-31', 1, 222, 3),
	(419, 'img\\jeuxVideos\\NBALive2000PAL.jpg', 'NBA Live 2000', '1999-12-01', 1, 222, 1),
	(420, 'img\\jeuxVideos\\NBALive99NTSC-U.jpg', 'NBA Live 99', '1998-11-04', 1, 223, 3),
	(421, 'img\\jeuxVideos\\NBALive99PAL.jpg', 'NBA Live 99', '1998-12-01', 1, 223, 1);
/*!40000 ALTER TABLE `jeux_videos` ENABLE KEYS */;

/*!40101 SET SQL_MODE=IFNULL(@OLD_SQL_MODE, '') */;
/*!40014 SET FOREIGN_KEY_CHECKS=IF(@OLD_FOREIGN_KEY_CHECKS IS NULL, 1, @OLD_FOREIGN_KEY_CHECKS) */;
/*!40101 SET CHARACTER_SET_CLIENT=@OLD_CHARACTER_SET_CLIENT */;
